title,price,currency_id,thumbnail_id
Twice 11th Mini Album - Between 1&2,189905.0,COP,D_856090-MLU70140317571_062023-I
Cd - Amor Amarillo - Gustavo Cerati,70000.0,COP,D_735151-MLU73725568023_122023-I
Arctic Monkeys - Am,70000.0,COP,D_890982-MLU74223263112_022024-I
Arctic Monkeys - Favourite Worst Nightmare,50000.0,COP,D_610357-MLU69233737949_052023-I
Cd - Blue Banisters - Lana Del Rey,70000.0,COP,D_957581-MLA49063252094_022022-I
Taylor Swift Speak Now Taylor's Version 2 Cd Importado,99000.0,COP,D_612525-MLU73420538989_122023-I
Lover - Taylor Swift - Disco Cd - (18 Canciones),70000.0,COP,D_918522-MLM47765056949_102021-I
"Thank U , Next -  Ariana Grande - Disco Cd - Nuevo",65000.0,COP,D_872770-MLU70657048292_072023-I
Gustavo Cerati - Ahí Vamos,80000.0,COP,D_908373-MLU72755176422_112023-I
Taylor Swift 1989 Taylors Version Cd Original Importado Versión Del Álbum Estándar,98000.0,COP,D_817756-MLU72033458102_102023-I
Lana Del Rey - Did You Know That There's A Tunnel Under Ocea,79000.0,COP,D_637026-MLM54802695300_042023-I
Zoé - Música De Fondo Unplugged,80000.0,COP,D_754580-MLU69750917452_062023-I
Bunbury Greta Garbo Cd 2023,80000.0,COP,D_949214-MLU69723956098_052023-I
Leo Dan - Celebrando A Una Leyenda Parte 2 - Disco Cd + Dvd,60000.0,COP,D_774637-MLM42853431023_072020-I
Cd Bon Jovi - Greatest Hits Y Sellado Obivinilos,50000.0,COP,D_919309-MLU69083270765_042023-I
50 Bolsas Internas Acetatos Proteger Vinilos Lps,8000.0,COP,D_825613-MCO71780853238_092023-I
Natalia Lafourcade De Todas Las Flores Cd,100000.0,COP,D_953540-MLU54972652479_042023-I
Shakira - Mtv Unplugged Lp Vinilo Púrpura Magenta Vinyl Cd,215000.0,COP,D_891551-MLU69146132329_042023-I
Trench - Twenty One Pilots - Cd - Nuevo (14 Canciones,70000.0,COP,D_937679-MLU70079938256_062023-I
Infinito Gustavo Cerati Disco Cd + Dvd,70000.0,COP,D_659962-MLM44831116090_022021-I
Cd Kill 'em All De Metallica - Álbum Debut (1983),60000.0,COP,D_690393-MLU54963638962_042023-I
Bts - Proof (3cd)- (edición Estándar) Caja Sellada Original ,729900.0,COP,D_943588-MPE74073004108_012024-I
System Of A Down - Mezmerize,50000.0,COP,D_838847-MLU54988405636_052023-I
Megadeth - Rust In Peace - Remaster Cd Nuevo Impo,59000.0,COP,D_617286-MLU72763924878_112023-I
Cd Pink Floyd The Dark Side Of The Moon,59000.0,COP,D_957450-MLU70653138459_072023-I
100 Bolsas Polipropileno Para Vinilos Lps Acetatos Long Play,30000.0,COP,D_881807-MCO71833857215_092023-I
Helloween Ride The Sky The Very Best Of 1985-1998 2 Cds,90000.0,COP,D_997570-MLU70509932232_072023-I
Ariana Grande Positions Deluxe Edition Cd,80000.0,COP,D_756188-MLM45495686061_042021-I
Cd Morat ¿a Dónde Vamos,70000.0,COP,D_832546-MLU69146132233_042023-I
Karol G Mañana Sera Bonito / Bichota Season Disco Cd Versión Del Álbum Estándar,75000.0,COP,D_766296-MLU73783515178_012024-I
Blink-182 Una Vez Más... Cd,80000.0,COP,D_723856-MLU73027855869_112023-I
Vinilo: Rush,198603.0,COP,D_802464-MLU70509327704_072023-I
Green Day American Idiot Cd Música Album Original,70000.0,COP,D_604056-MLU69631590930_052023-I
Vicente Fernández - Le Canta Los Grandes Compositores,60000.0,COP,D_742318-MLU71267135083_082023-I
Taylor Swift - Folklore Vinilo Doble Ed. Limitada,240000.0,COP,D_870973-MLC47221912394_082021-I
Shakira - Tour Fijación Oral,60000.0,COP,D_671105-MLU69766254162_062023-I
Maná - Esencial,60000.0,COP,D_877713-MLU69750424674_062023-I
Miley Cyrus Plastic Hearts Cd,60000.0,COP,D_653482-MLU54981689686_042023-I
Cd Pink Floyd Meddle Y Sellado,60000.0,COP,D_862703-MLU69138405255_042023-I
Cd - 1989 - Taylor Swift,80000.0,COP,D_618023-MLA44154406140_112020-I
Angles - The Strokes - Disco Cd - (10 Canciones,50000.0,COP,D_991818-MLU54977217535_042023-I
Cd Sebastian Yatra / Dharma (2022),45000.0,COP,D_944352-MLC49637110639_042022-I
Guns N' Roses Use - Your Illusion I,59000.0,COP,D_725806-MLU69101704448_042023-I
Lp Vinilo Gorillaz - Gorillaz Clint Eastwood / Nuevo,275900.0,COP,D_866130-MLU70661164251_072023-I
Def Leppard - Hysteria,59000.0,COP,D_776891-MLU54957764643_042023-I
Coldplay - Set De Catálogo De 4 Cd (caja De 4 Cds/lacrado),205000.0,COP,D_918827-MLU70027968073_062023-I
Metallica - 72 Seasons -  Cd Disco (12 Canciones) Importado,81080.0,COP,D_970062-MLU69642022263_052023-I
Vinilo Michael Jackson Thriller Nuevo Sellado Envío Gratis,169900.0,COP,D_874434-MLU72740280762_112023-I
Led Zepellin The Complete Bbc Sessions Deluxe Edition 3 Cd's,130000.0,COP,D_920174-MLU70498986184_072023-I
K-12 / Deluxe - Melanie Martinez - Disco Cd + Dvd -,130000.0,COP,D_881739-MLM48691734915_122021-I
Taylor's - Fearless Version,93934.0,COP,D_665276-MLA45772281560_042021-I
Escalona - Un Canto A La Vida,39000.0,COP,D_641425-MLU54989890210_052023-I
Dua Lipa - Future Nostalgia (the Moonlight Edition) - Cd Imp,90000.0,COP,D_760381-MLA45361660338_032021-I
Abba Voyage Vinilo Lp Importado Nuevo Cerrado,199900.0,COP,D_962314-MLU70652065835_072023-I
Dua Lipa Future Nostalgia Cd,80000.0,COP,D_854446-MPE46681503081_072021-I
Billie Eilish When We All Fall Asleep Cd 2019 En Stock,85000.0,COP,D_698512-MLA29759616596_032019-I
Cd: Lujuria Por La Vida,70000.0,COP,D_961187-MLU72763894466_112023-I
Hombres G & Enanitos Verdes Huevos Revueltos En Vivo 2cd+dvd,90000.0,COP,D_856526-MLU70289832402_072023-I
Slipknot - Homonimo - Disco Cd (14 Canciones),70000.0,COP,D_746151-MLU71245663864_082023-I
Taylor Swift Folklore Cd,75000.0,COP,D_634994-MLU75051522908_032024-I
Miley Cyrus Endless Summer Vacation Cd 2023,80000.0,COP,D_940707-MLM54155098908_032023-I
Red Hot Chili Peppers Californication Cd,80000.0,COP,D_703938-MLA26463370186_112017-I
Enjambre Proximos Projimos Cd,85000.0,COP,D_690555-MLM44641015038_012021-I
Gustavo Cerati - En Vivo Monterrey,80000.0,COP,D_870890-MLU69955643991_062023-I
Louis Tomlinson Faith In The Future Disco Cd,75000.0,COP,D_634110-MLM52486243924_112022-I
Pink Floyd - The Wall Edicion 1979- 2 Discos Cd,70000.0,COP,D_936752-MLU71531979067_092023-I
Natalia Jimenez - Mexico De Mi Corazon -  Disco Cd + Dvd,80000.0,COP,D_971961-MLU69166716741_042023-I
Ozzy Osbourne - The Essential,70000.0,COP,D_662649-MLU69631590250_052023-I
Muse - The Resistance Digipack,70000.0,COP,D_635065-MLU69254601944_052023-I
Amarte Es Un Placer - Luis Miguel - Disco Cd -,60000.0,COP,D_704956-MLU69042590240_042023-I
Live In Berlin Soundtrack - Depeche Mode - 2 Discos Cd,65000.0,COP,D_821287-MLU73883785709_012024-I
X - Wembley Edition - Ed Sheeran - Disco Cd + Dvd - Nuevo,60000.0,COP,D_920551-MLU70549421531_072023-I
Stray Kids Maxident Standard Edition T-crush Version Kpop,237968.0,COP,D_659877-MLU74218868144_012024-I
Pink Floyd - The Early Years. 1967 - 1972,55000.0,COP,D_761403-MLU54972563943_042023-I
Linkin Park Recharged Cd,55000.0,COP,D_944400-MLU54963136146_042023-I
Ozuna - Enoc El Negrito Ojos Claros - Cd / Álbum,50000.0,COP,D_615474-MLA44886587300_022021-I
Ruben Blades Son De Panama Cd Us Import,45000.0,COP,D_638953-MLU69646314759_052023-I
My World - Justin Bieber - Disco Cd - (7 Canciones,40000.0,COP,D_998144-MLU74323772392_022024-I
Arctic Monkeys The Car Cd Digipak Importado,109900.0,COP,D_654812-MLU69233686135_052023-I
Cd Iron Maiden Iron Maiden-new Version,59000.0,COP,D_758010-MLU69642148933_052023-I
Taylor Swift Midnights Blood Moon Edition Cd,95000.0,COP,D_836701-MLU69626841990_052023-I
Fonseca - Sinfonico Con La Orquesta Sinfonica Nacional De,25000.0,COP,D_960963-MLU54965117199_042023-I
Heroes Del Silencio Parasiempre Vinilo,420000.0,COP,D_801278-MLU70826147087_082023-I
Disco Vinyl Led Zeppelin-led Zeppelin Ii (1969) #1,256234.0,COP,D_818562-MLU70841206554_082023-I
Slipknot The End So Far Cd ,59990.0,COP,D_719636-MLM51360751627_082022-I
Vicente Fernandez Un Azteca En El Azteca 2cds + Dvd,75000.0,COP,D_695277-MLU73785265944_012024-I
Iron Maiden Piece Of Mind 1 Vinilo,195000.0,COP,D_951275-MLU69137608463_042023-I
Cd Amy Winehouse / Back To Black (2006,60000.0,COP,D_806932-MLU69104959215_042023-I
Vinilo: Cowboy Bebop (original Series Soundtrack) [ein Varia,190580.0,COP,D_717844-MLU69785148974_062023-I
Cd Guns N' Roses Use Your Illusion Ii Nuevo Sellado,50000.0,COP,D_717485-MLU69760301843_062023-I
Bts Be (deluxe Edition,284905.0,COP,D_975364-MLM48674837680_122021-I
Radiohead - Ok Computer ,50000.0,COP,D_876268-MCO52524706313_112022-I
Cd - Born To Die - Lana Del Rey,70000.0,COP,D_759782-MLA40809614107_022020-I
Mac Miller Circles Cd Importado Nuevo Original,138142.0,COP,D_853374-MLU74332086329_012024-I
Linkin Park Meteora 20th Anniversary 3 Cd Importado,179990.0,COP,D_828030-MLU73589094458_122023-I
Charles Bradley - Victim Of Love (vinilo Nuevo Y Sellado,143916.0,COP,D_606055-MLU69786009835_062023-I
Vinilo: Zeit [2 Lp,210000.0,COP,D_818079-MLU70826165835_082023-I
100 Bolsas Caratulas Polipropileno + 100 Internas Acetatos,45000.0,COP,D_721370-MCO71833862087_092023-I
Olivia Rodrigo - Sour - Lp Vinyl ,183387.0,COP,D_802620-MLU70536621309_072023-I
Kali Uchis Isolation Cd Importado,123028.0,COP,D_859094-MLU69803821447_062023-I
Newjeans New Jeans Bluebook Version Cd + Libro Nuevo Import,203653.0,COP,D_713585-MLU69645897369_052023-I
"Boxset Cd Queen Platinum Collection Greatest Hits 1, 2 & 3",195000.0,COP,D_755917-MLU70661164151_072023-I
Vinilo Lp Pulp Fiction: Music From The Motion Picture / New,229900.0,COP,D_838003-MLU70936485438_082023-I
Metallica - Ride The Lightning Cd,59000.0,COP,D_892417-MLU54983082960_042023-I
Taylor Swift Speak Now Taylor's Version 3 Lp Purple Vinyl,407900.0,COP,D_805721-MLU70430760405_072023-I
Depeche Mode - Violator,59000.0,COP,D_924006-MLU69857103651_062023-I
"Black Sabbath Album Black Sabbath Lp, Vinilo, 180 G, Nueva Versión Remasterizada Sellada",229900.0,COP,D_893895-MLU54957828757_042023-I
Iron Maiden Piece Of Mind Vinyl,219900.0,COP,D_821640-MLU54959904879_042023-I
Lp Vinilo Coldplay - Music Of The Spheres - Made In Usa,205900.0,COP,D_704250-MLC48754181147_012022-I
Scorpions Rock Believer Deluxe 2 Cd,110000.0,COP,D_707970-MLA49268688934_032022-I
David Bowie - Aladdin Sane - Vinilo 180 Gramos Imp,229900.0,COP,D_885192-MLU69168012292_052023-I
Maneskin Rush ! Are U Coming ?cd Versión Del Álbum Estándar,110000.0,COP,D_985291-MLU73559095407_122023-I
Cd Linkin Park- Hybrid Theory- Made In Eu - Nuevo,70000.0,COP,D_622142-MLU70082080702_062023-I
Blackpink Born Pink / Disco Cd,279968.0,COP,D_683054-MLU69626842142_052023-I
Taylor Swift - Red (deluxe Version 2cds) - Universal,90000.0,COP,D_711758-MLU73784397752_012024-I
2 Vinilos Lp Bush - Sixteen Stone / Made In Usa - Nuevo Versión Del Álbum 2014,219900.0,COP,D_646856-MLU69645898147_052023-I
Pink Floyd Atom Heart Mother Cd,44990.0,COP,D_932160-MLU69344154329_052023-I
The Strokes Is This It Vinyl,219900.0,COP,D_653631-MLM44140868923_112020-I
Maná - Exiliados De La Bahía,95000.0,COP,D_866011-MLU69221242839_052023-I
Cd Adele - 30 Y Sellado Obivinilos,75000.0,COP,D_973255-MLU54958165473_042023-I
Lp Vinilo Stone Temple Pilots - Core- Nuevo Made In Germany,209900.0,COP,D_957765-MLU69358447184_052023-I
Sinalgen,29900.0,COP,D_955380-MCO74036804805_012024-I
Cd Shakira Fijacion Oral Vol. 1 Sellado,90000.0,COP,D_650026-MLA46271430576_062021-I
Queen - Sheer Heart Attack - Disco Cd + Bonus Ep,90000.0,COP,D_920750-MLU69626842270_052023-I
Taylor Swift - Speak Now Cd,80000.0,COP,D_915685-MLU54960162519_042023-I
Cd Harry Styles - Harry's House / Nuevo Made In Usa,90000.0,COP,D_829015-MLU69947301608_062023-I
Roxette The 30 Biggest Hits 2 Cds Eu Musicovinyl,90000.0,COP,D_886962-MLC52818791770_122022-I
Metallica S & M 2 Cds Importado,80000.0,COP,D_713372-MLU70509932524_072023-I
Leo Dan - Lo Esencial,90000.0,COP,D_851353-MLU69233686123_052023-I
Taylor Swift -  1989 - 2 Lp's Vinyl  - Importado,299900.0,COP,D_813284-MLU70683579727_072023-I
The Velvet Underground - Gold - 2 Cd Versión Del Álbum Estándar,90000.0,COP,D_789217-MLU69794314116_062023-I
Aerosmith - Greatest Hits - Cd Versión Del Álbum Estándar,80000.0,COP,D_657343-MLU71662870917_092023-I
Enrique Bunbury Curso De Levitación Intensivo Cd,80000.0,COP,D_829240-MLU69375521075_052023-I
Guns N' Roses - Chinese Democracy - Cd- Cd 2008,80000.0,COP,D_819288-MLU69106596131_042023-I
Mon Laferte Autopoietica Disco Cd Versión Del Álbum Estándar,80000.0,COP,D_869263-MLU72514211927_102023-I
This Is It Deluxe / Soundtrack - Michael Jackson - 2 Cd 's ,60000.0,COP,D_618804-MLU54982713426_042023-I
Little Mix - Between Us / Deluxe - 2 Discos Cd ,80000.0,COP,D_712187-MLU54972648617_042023-I
Lila Downs - La Sánchez Cd,80000.0,COP,D_645483-MLU71357739978_082023-I
Judas Priest The Essential Disco Cd Versión Del Álbum Estándar,80000.0,COP,D_894615-MLU73872534646_012024-I
Cd Shakira Servicio De Lavanderia,60000.0,COP,D_949014-MLU54965115670_042023-I
Katy Perry Teenage Dream The Complete Confection Cd,70000.0,COP,D_998030-MLM49447834575_032022-I
Kiss - Animalize - Disco Cd (09 Canciones),80000.0,COP,D_822921-MLU70636725327_072023-I
Stray Kids - 3rd Album 5-stars Limitado,259887.0,COP,D_720075-MLU69890700120_062023-I
Aerosmith - Get A Grip - Cd Sellado Nuevo,50000.0,COP,D_813665-MLU69634721900_052023-I
Fall Out Boy - Greatest Hits,70000.0,COP,D_809498-MLU69138406021_042023-I
Cd Demi Lovato Holy Fvck ( Nacional,70000.0,COP,D_737518-MLU69650107090_052023-I
Natalia Jimenez - Mexico De Mi Corazon / Vol 2 - Cd + Dvd,75000.0,COP,D_751113-MLU69157923339_042023-I
Guns N Roses Greatest Hits; Importado. Vinilo,269900.0,COP,D_922314-MLU54963487694_042023-I
Green Day Dookie Cd Y Sellado Musicovinyl,70000.0,COP,D_909759-MLC40161426956_122019-I
Cd Coldplay A Rush Of Blood To The Head Y Sellado,70000.0,COP,D_678943-MLC47120614688_082021-I
Avenged Sevenfold - The Best Of 2005 / 2013,70000.0,COP,D_623243-MLU54971713107_042023-I
Cafe Tacuba - Cuatro Caminos - Disco Cd - 14 Canciones,70000.0,COP,D_804679-MLU71571167877_092023-I
Set 2 Cd´s Nuevo/ Depeche Mode - The Singles 86-98 Importado,159900.0,COP,D_940322-MLU69645896543_052023-I
Marilyn Manson The Last Tour On Earth Cd,70000.0,COP,D_748485-MLU74340976653_022024-I
Blink - 182 - Greatest Hits,70000.0,COP,D_828090-MLU69762941589_062023-I
Slipknot - We Are Not Your Kind - Cd,60000.0,COP,D_664465-MLC48871502983_012022-I
Beyonce I Am Sasha Fierce Deluxe Cd Importado,70000.0,COP,D_692975-MLU69645897277_052023-I
Drake & 21 Savage - Her Loss,70000.0,COP,D_918726-MLU69741889549_052023-I
Madonna Music Cd Original Nuevo En Stock,70000.0,COP,D_874306-MLU69243455958_052023-I
Conan Gray - Superache (cd) Universal Music,70000.0,COP,D_733834-MLU54983046978_042023-I
Cd Ed Sheeran - Equals - Lanzamiento 2021  ,70000.0,COP,D_602206-MLU69642149607_052023-I
Nickelback - The Best Of,70000.0,COP,D_718464-MLU69285609894_052023-I
Cd Luis Miguel - Romance Y Sellado Obivinilos,60000.0,COP,D_772921-MLC50055705841_052022-I
Imagine Dragons Evolve Intl Deluxe Cd Importado,70000.0,COP,D_625957-MLU69263582155_052023-I
Britney Jean - Britney Spears - Deluxe - Disco Cd -,60000.0,COP,D_609737-MLU69019521784_042023-I
Cd El Puerto - Bunbury,70000.0,COP,D_955948-MLA48593329916_122021-I
Limpbizkit  Greatest Hits   Cd,70000.0,COP,D_611264-MLA45994517579_052021-I
Muse Live At Rome Olympic Stadium Cd + Dvd,70000.0,COP,D_824015-MLM49257054900_032022-I
The Strokes Room On Fire Cd Ocioperfecto,70000.0,COP,D_657542-MLC49152789916_022022-I
Demi Lovato,70000.0,COP,D_880961-MLA30731221824_052019-I
"Cd Control Machete - Uno, Dos: Bandera Lacrado",60000.0,COP,D_893251-MLU70680404098_072023-I
Rosalia El Mal Querer Cd Nuevo Original 2018 ,70000.0,COP,D_807674-MLU70075395240_062023-I
Juan Gabriel - Tesoros De Coleccion / Vol 3 - Boxset 3 Cd,60000.0,COP,D_833568-MLU69749081889_062023-I
Los Panchos La Absoluta Coleccion 3cd + 1dvd Nuevo,70000.0,COP,D_871292-MLU69642424946_052023-I
The Beatles - Yellow Submarine - Disco Cd (13 Canciones,60000.0,COP,D_676558-MLU69156015603_042023-I
Queen-greatest Hits 2 - Cd - Nuevo (17 Canciones,60000.0,COP,D_611988-MLU69912741752_062023-I
Pink Floyd - Ummagumma,65000.0,COP,D_994502-MLU54969455105_042023-I
Cd Gustavo Cerati 14 Episodios Sionicos Sellado,70000.0,COP,D_641945-MLU69116678252_042023-I
Big Time Rush - Btr,60000.0,COP,D_784514-MLU69744117133_052023-I
Gloria Trevi - Me Siento Tan Sola - Cd,60000.0,COP,D_906569-MLU69946594461_062023-I
Guns N Roses Use Your Illusion I Remastered 2 Lp Vinyl,269900.0,COP,D_980033-MLU69156015695_042023-I
Cd Oasis Whats The Story Morning Glory,60000.0,COP,D_977560-MLU74086789957_012024-I
Cd Luis Miguel Mis Romances - Y Sellado,60000.0,COP,D_957996-MLU69678628984_052023-I
Camilo - Mis Manos Cd Disco - Ropa Cara,60000.0,COP,D_719104-MLU69216197618_052023-I
Romances - Luis Miguel - Disco Cd - (14 Canciones,50000.0,COP,D_919261-MLU69099049480_042023-I
Lady Gaga Born This Way Cd Y Sellado Musicovinyl,60000.0,COP,D_615952-MLU69083270999_042023-I
Paul Mccartney - Mccartney Iii 3 Cd - Disco,60000.0,COP,D_978629-MLU69642152075_052023-I
Cd-rbd Rebels,60000.0,COP,D_682675-MLU71133502985_082023-I
Sia - This Is Acting,60000.0,COP,D_746650-MLA45187689779_032021-I
Selena Gomez Revival Cd Eu Musicovinyl,60000.0,COP,D_846149-MLC53199943099_012023-I
Santana - The Essential Santana - 2 Cd Versión Del Álbum Estándar,60000.0,COP,D_959752-MLU71267134947_082023-I
Drake Scorpion - Físico - Cd - 2018,60000.0,COP,D_932887-MLU73181674800_122023-I
Avril Lavigne Avril Lavigne Cd,60000.0,COP,D_824852-MLU73784243808_012024-I
Cd Justin Bieber / Justice (2021) Europeo,60000.0,COP,D_935457-MLU54975906081_042023-I
Desde Rusia Con Amor / Molotov / Disco Cd 15 Canciones + Dvd,60000.0,COP,D_662664-MLU69642152567_052023-I
Emmanuel - Personalidad,50000.0,COP,D_722091-MLU69750917416_062023-I
Abba - Classic - Cd Versión Del Álbum Estándar,60000.0,COP,D_800578-MLU69254601596_052023-I
Reflection Deluxe - Fifth Harmony - Disco Cd -,60000.0,COP,D_693508-MLU54981736234_042023-I
Caifanes - Edición Especial Versión Del Álbum Estándar,60000.0,COP,D_966056-MLU72010462427_092023-I
Panteón Rococó / Ska-p - Frente A Frente,60000.0,COP,D_661585-MLU69221226819_052023-I
Babasonicos - Discutible,60000.0,COP,D_604899-MLU72764065846_112023-I
Add Violence - Nine Inch Nails (cd,60000.0,COP,D_601074-MLU54963640392_042023-I
Westlife - Spectrum,60000.0,COP,D_811476-MLU71188432344_082023-I
Aztlan - Zoe - Disco Cd - Nuevo (12 Canciones),60000.0,COP,D_945121-MLU72999013914_112023-I
Cd Luis Miguel Vivo Nuevo Sellado,60000.0,COP,D_637705-MLU70661222431_072023-I
Pearl Jam - Yield,60000.0,COP,D_899808-MLU69631593900_052023-I
Julieta Venegas - Algo Sucede,60000.0,COP,D_846392-MLU69096306214_042023-I
Juan Luis Guerra - Literal 4.40,55000.0,COP,D_868387-MLU74730175940_032024-I
Sin Bandera - Personalidad Cd+dvd Música Nuevo,60000.0,COP,D_780472-MLU69721646365_052023-I
Katy Perry - One Of The Boys - Cd Versión Del Álbum Estándar,60000.0,COP,D_965570-MLU69831662708_062023-I
Lenny Kravitz - Raise Vibration,60000.0,COP,D_856165-MLA28743632549_112018-I
Green Day Tre Cd Importado,55000.0,COP,D_679139-MLU69626841984_052023-I
Creedence Clearwater Revival - Anthology,55000.0,COP,D_839049-MLU69744688564_062023-I
Silvio Rodriguez Amorios Disco Cd,55000.0,COP,D_853527-MLU74719049349_022024-I
Janis Joplin's - Greatest Hits - Cd,50000.0,COP,D_863821-MLU70103599887_062023-I
Miguel Bose - Mis 30 Mejores Canciones,50000.0,COP,D_835345-MLU69787959995_062023-I
The Rolling Stones - Honk - Cd Disco - (20 Canciones,50000.0,COP,D_867346-MLU74438442757_022024-I
Cd Shawn Mendes [deluxe] - Shawn Mendes,55000.0,COP,D_853835-MLU73068011611_112023-I
Selena - Amor Prohibido - Disco Cd (14 Canciones,50000.0,COP,D_626176-MLU54982572634_042023-I
Cd Pink Floyd The Final Cut,50000.0,COP,D_904487-MLU54957829539_042023-I
Britney Spears - In The Mix The Remixes,50000.0,COP,D_679172-MLU69787960017_062023-I
Radiohead The Bends Lp Vinilo Importado Nuevo Sellado,249900.0,COP,D_939504-MLU69254602030_052023-I
Cristian Castro - Mi Tributo A Juan Gabriel,45000.0,COP,D_915370-MLU69635181298_052023-I
Bruce Springsteen - Greatest Hits,50000.0,COP,D_858240-MLA40025114483_122019-I
Cd Colors - Beck,50000.0,COP,D_713922-MLU73713191869_122023-I
Cd Christopher Cross / The Best Of (1991) Europeo ,50000.0,COP,D_911111-MLC20477911788_112015-I
Cd Carlos Rivera El Hubiera No Existe,50000.0,COP,D_650279-MLB49978465572_052022-I
Green Day Father Of All Motherfuckers Cd ,45000.0,COP,D_995292-MLU54982567666_042023-I
Paulina Rubio Cd,50000.0,COP,D_965815-MLU69628240588_052023-I
Gipsy Kings - The Very Best Of,45000.0,COP,D_933421-MLU54961682974_042023-I
Charly Garcia Como Conseguir Chicas Vinilo Cerrado,240000.0,COP,D_192215-MLA25157558526_112016-I
Charlie Puth Charlie Disco Cd,45000.0,COP,D_715064-MLU70739122303_072023-I
Shakira - Mtv Unplugged - Lp Doble Sellado Nuevo Versión Del Álbum Estándar,239900.0,COP,D_718454-MLU72314220537_102023-I
Sonora Santanera - En Su 60 Aniversario,45000.0,COP,D_738233-MLU54957745337_042023-I
Ricky Martin - Sound Loaded,45000.0,COP,D_13626-MLA94345298_3348-I
Cd Whitney Houston - Te Deseo Más Amor De The Bodyguard,45000.0,COP,D_778707-MLU73880905481_012024-I
José José - 20 Triunfadoras,40000.0,COP,D_958982-MLU69797977823_062023-I
Vinilo Invisible El Jardín De Los Presentes Y Sellado,230000.0,COP,D_938632-MLC44470394785_012021-I
Britney Spears Greatest Hits: My Prerogative (2lp Crema),220000.0,COP,D_608271-MLU71226209908_082023-I
Lady Gaga  Artpop Vinilo,235900.0,COP,D_709516-MLA53273112957_012023-I
Cd Alejandro Sanz 3 Sellado,35000.0,COP,D_659464-MLU54970633700_042023-I
Cd Gorillaz Plastic Beach Nuevo Importado En Stock,105900.0,COP,D_708243-MLU73021316672_112023-I
Ricardo Arjona Poquita Ropa  Cd La Cueva Musical,35000.0,COP,D_875593-MLU54970633526_042023-I
Estopa / Rumba A Lo Desconocido Cd -original,35000.0,COP,D_931760-MLU69155369687_042023-I
Ricardo Montaner - Ida Y Vuelta,35000.0,COP,D_812404-MLU70079435646_062023-I
Carlos Vives + Mas Corazon Profundo Cd Nuevo-original,30000.0,COP,D_885281-MLU69865243347_062023-I
Iron Maiden Live After Death 2cd + Muñeco + Patch Box ,275000.0,COP,D_874930-MLA43275949850_082020-I
Taylor Swift Midnights Jade Green Edition Republic - Físico - Vinilo - 2022,205900.0,COP,D_741523-MLU54970564088_042023-I
Prince Royce - Prince Royce,25000.0,COP,D_938126-MLA26127593627_102017-I
Morat Antes De Que Amanezca Lp Vinyl Versión Del Álbum Estándar,199900.0,COP,D_850905-MLU73756730883_012024-I
Cd Black Sabbath - Paranoid Digipack Lacrado (2016) Warner,89900.0,COP,D_959328-MLU71608011493_092023-I
Taylor Swift Midnights Lp Vinyl / Portadas Diferentes,199900.0,COP,D_794523-MLM53476473219_012023-I
The Smiths Meat Is Murder Cd En Stock,90000.0,COP,D_611199-MLA26469152029_122017-I
Cd Motley Crue Dr. Feelgood,59000.0,COP,D_694749-MLU69847503425_062023-I
Vinilo Pink Floyd Animals,249900.0,COP,D_774810-MLU69766254208_062023-I
Lpx2 Andres Cepeda Basado En Una Historia Real,169900.0,COP,D_735044-MLU71291636955_082023-I
Cd Slipknot - Iowa (sellado),94900.0,COP,D_730253-MLU69916206660_062023-I
Taylor Swift - 1989 D.l.x,90000.0,COP,D_696649-MCO71369788490_082023-I
Slash 4 Myles Kennedy Box Cd + Cassette + Pua Import Nuevo ,255000.0,COP,D_920252-MLU70509110880_072023-I
Nirvana Mtv Unplugged Vinilo Doble 2 Lp,255000.0,COP,D_638849-MLU54972960594_042023-I
Iron Maiden A Matter Of Life And Death Deluxe Y Figura,230000.0,COP,D_929313-MLM49447518744_032022-I
Twice Formula Of Love Result File Version Cd + Libro,186000.0,COP,D_906930-MLA49655102210_042022-I
Álbum Bts Proof Compact Edition 2022 Original + Póster Kpop,195998.0,COP,D_959829-MCO50406274420_062022-I
Lp - Grupo Niche No Hay Quinto Malo,119900.0,COP,D_669285-MLU71186611912_082023-I
Taylor Swift Speak Now Taylor's Version 2 Cd Importado,110900.0,COP,D_928558-MLU70420912167_072023-I
Harry Styles - Edicion Especial - Lp Vinyl,187900.0,COP,D_997173-MLU69155369677_042023-I
Rbd - Nuestro Amor,35000.0,COP,D_929575-MCO45582185907_042021-I
Cd Laundry Service - Shakira,89500.0,COP,D_748878-MLU72866367014_112023-I
Gorillaz Cracker Island Cd,70000.0,COP,D_934578-MLU54978184041_042023-I
Columbia Records® adele 30 Vinyl Doble Ed Especial Blanca Ev,179900.0,COP,D_731072-MLM49187192867_022022-I
Vinilo: Seventh Son Of A Seventh Son [lp,179900.0,COP,D_949252-MLU71559323286_092023-I
Queen The Greatest Hits I Ii & Iii The Platinum Collection ,179000.0,COP,D_708354-MLU70910416683_082023-I
Fundas Externas Americana - Calibre 3,75000.0,COP,D_794513-MCO46852084035_072021-I
Luis Miguel Soy Como Quiero Ser Cd Luis Miguel 87,79900.0,COP,D_805778-MLU54970633252_042023-I
Taylor Swift - Reputation - Cd Música Álbum Completo Nuevo,89000.0,COP,D_968765-MLU69270369484_052023-I
Rammstein Zeit Cd Nuevo Importado Original,96900.0,COP,D_707889-MLU70079435684_062023-I
Soda Stereo - Canción Animal,60000.0,COP,D_852152-MCO69688122629_052023-I
Cd The Cure - Disintegration / Nuevo Sellado - Made In Usa,70000.0,COP,D_633291-MLU54965073345_042023-I
Rbd - Rebelde - Cd,35000.0,COP,D_875668-MCO72829097193_112023-I
Rbd Para Olvidarte De Mi Cd ,49900.0,COP,D_887710-MLU69098632007_042023-I
Foo Fighters - Greatest Hits - Disco Cd (16 Canciones,60000.0,COP,D_731320-MLU74438591429_022024-I
Rbd - Nuestro Amor - Disco Cd - (14 Canciones,54900.0,COP,D_851954-MLU69791650855_062023-I
Cd Deftones - White Pony / New Made In Europe,87900.0,COP,D_824589-MLU69642152115_052023-I
Cd-chromatica -lady Gaga,40000.0,COP,D_794400-MLU54972652105_042023-I
Cd Shakira - Donde Están Los Ladrones? / Made In Usa / Nuevo,69000.0,COP,D_922532-MLU54983071924_042023-I
Cdx2 Metallica Garage Inc--rock,99000.0,COP,D_684950-MLA72004717951_092023-I
Red Hot Chili Peppers Stadium Acardium Cd Musicovnyl,110000.0,COP,D_736085-MLC53267080801_012023-I
New Jeans 2nd Ep Get Up[the Powerpuff Girls X Nj Box Ver.] ,169900.0,COP,D_689621-MCO70773926528_072023-I
Álbum (pedido Anticipado) Stray Kids - [(5 Estrellas)] 3rd A,102689.0,COP,D_932651-CBT70620340091_072023-I
Lp Cielo De Tambores ,119900.0,COP,D_713647-MCO49764094148_042022-I
"Nirvana - Unplugged - Cd , Cerrado",75000.0,COP,D_843867-MLU54964742658_042023-I
Iron Maiden / The Book Of Souls Cd 2015,65000.0,COP,D_969690-MLU74088435085_012024-I
Pink Floyd Animals Cd ,70000.0,COP,D_793806-MLM43250116460_082020-I
Iron Maiden The Number Of The Beast - Físico - Cd - 2014,62912.0,COP,D_986113-MLU54984466524_052023-I
Soda Stereo Signos Cd Musicovinyl,59000.0,COP,D_683877-MLU69141796178_042023-I
Bts Proof Compact Edition Pre Venta Kpop ,149990.0,COP,D_872143-MCO49928787359_052022-I
Cd Maroon 5 - Singles Y Sellado Obivinilos,42900.0,COP,D_987586-MLU54958165503_042023-I
El Peor Disco De Pesadilla Favorito De Arctic Monkeys En Argentina,54000.0,COP,D_733375-MLU54957378899_042023-I
 Enanitos Verdes - Tracción Acústica Cd Nuevo Y Sellado ,58000.0,COP,D_778723-MLU69773796521_062023-I
Greatest Hits 2 - Queen - Disco Cd - Nuevo (17 Canciones),59000.0,COP,D_929400-MLU70517406208_072023-I
Luis Miguel 33,49000.0,COP,D_625961-MLC40117199935_122019-I
Busca Una Mujer - Luis Miguel - Disco Cd -,39000.0,COP,D_734523-MLU69098624853_042023-I
Arctic Monkeys - Humbug,54000.0,COP,D_814670-MLU69857103591_062023-I
Maná - Sueños Líquidos,40000.0,COP,D_992705-MLU54959351653_042023-I
Jung Kook (bts) - [oro] Versión Aleatoria Versión Del Álbum Versión Aleatoria,200000.0,COP,D_634885-MLU74163701287_012024-I
Tony Dize - La Melodía De La Calle Updated,38000.0,COP,D_845474-MLU69770896702_062023-I
Cd Outlandos D'americas Tributo A Police,39000.0,COP,D_760019-MLU69728629868_052023-I
Cd Estopa,39000.0,COP,D_747697-MLA46433545208_062021-I
Ricky Martin 17 Cd Son,39000.0,COP,D_858397-MLU69847499401_062023-I
Carlos Vives - Clásicos De La Provincia 2,39000.0,COP,D_991288-MLU54973229116_042023-I
The Rolling Stones - Jump Back - Cd,29990.0,COP,D_626139-MLU54957825021_042023-I
Ariana Grande - Sweetener,65000.0,COP,D_606955-MCO41365350125_042020-I
Funko Pop Demon Slayer - Shinobu Kocho Joy 1314,116995.0,COP,D_759280-CBT72848734117_112023-I
Shakira - Pies Descalzos,315000.0,COP,D_880472-MCO75375758748_042024-I
Cd - New Jeans - Bluebook - Versión Bluebook Cd + Book,164027.0,COP,D_771574-CBT73066529512_112023-I
Myrbetric Mirabegron 25 Mg Caja X 30 Tabletas,74950.0,COP,D_761303-MCO53280193852_012023-I
Blackpink Lightstick - Martillo Bong,112978.0,COP,D_970305-CBT73055860039_112023-I
Álbum Born Pink Blackpink Original Versión Box Set Kpop,279968.0,COP,D_781189-MCO72776773136_112023-I
Anemidox ,79900.0,COP,D_866439-MCO71045742323_082023-I
Gustavo Cerati - Fuerza Natural,65000.0,COP,D_783741-MCO72995927438_112023-I
"Álbum Enhypen Dark Blood Mini, Cuarta Versión Aleatoria",149906.0,COP,D_861397-CBT70186067134_062023-I
Britney Spears - Greatest Hits: My Prerogative,50000.0,COP,D_761739-MCO73347231439_122023-I
Queen - Greatest Hits ,50000.0,COP,D_696753-MCO72140059112_102023-I
Lp Vilma Palma E Vampiros 3980,139900.0,COP,D_902433-MCO54746370044_032023-I
Zoé - Programaton,50000.0,COP,D_791975-MCO71254722997_082023-I
Michael Jackson - Off The Wall ,40000.0,COP,D_887153-MCO41434763068_042020-I
Stray Kids Álbum Rock Star Nemo Version Kpop Original,185968.0,COP,D_660753-MCO73046198109_112023-I
"Álbum Stray Kids De 5 Estrellas, 3ª Edición Limitada",171148.0,COP,D_663781-CBT70620342167_072023-I
100 Bolsas Polipropileno  Vinilos Lps Acetatos Long Discos,30000.0,COP,D_988903-MCO42916286034_072020-I
Taylor Swift - Red Taylor's Version 2 Cd's / Álbum Doble,120000.0,COP,D_915976-MLA48550631505_122021-I
Lp Kraken I,139900.0,COP,D_853826-MCO70080159261_062023-I
Bunbury - Canciones 1987-2017 ,90000.0,COP,D_723421-MCO72182543001_102023-I
Blink-182 - One More Time... - Cd,80000.0,COP,D_875816-MCO74910829533_032024-I
100 Bolsas Internas Chillonas Cuadradas Discos Vinilos  Lp,19000.0,COP,D_849770-MCO52219622540_102022-I
Selena Gomez Rare - Deluxe Edition Cd,40000.0,COP,D_646685-MLU54977301149_042023-I
Ariana Grande - Yours Truly,70000.0,COP,D_743365-MCO50303822787_062022-I
Soda Stereo - Comfort Y Música Para Volar,60000.0,COP,D_817519-MCO69673790362_052023-I
Shakira - Pies Descalzos D,60000.0,COP,D_812310-MCO71884113905_092023-I
Vinilo: Phoebe Bridgers - Punisher,182552.0,COP,D_914857-CBT73813487955_012024-I
Miley Cyrus - Plastic Hearts,60000.0,COP,D_706416-MCO69947710163_062023-I
Lp Reminiscencias Y Otros Valses Inolvidables Juliojaramillo,119900.0,COP,D_634821-MCO51195523044_082022-I
Def Leppard - Greatest Hits 19 80 Vault 19 95,50000.0,COP,D_713549-MCO72332037675_102023-I
Warcry - Inmortal,50000.0,COP,D_779652-MCO48969037428_012022-I
Shakira Las Mujeres Ya No Lloran Cd Nuevo Original Importado,104900.0,COP,D_706466-MCO75325413821_032024-I
Sam Smith - Gloria,45000.0,COP,D_732981-MCO72598951570_112023-I
Concierto De Martillo Fluorescente Blackpink Lightstick,129670.0,COP,D_992722-CBT54165256854_032023-I
Vinilo Daft Punk Random Access Memories 10th Anniversary 3lp,359900.0,COP,D_956205-MCO71425652982_092023-I
Stray Kids 5-star[ver Kpop Original Importado ,199900.0,COP,D_673899-MCO69826740762_062023-I
Cd: Buddah,138586.0,COP,D_651270-CBT52937113030_122022-I
Shakira Las Mujeres Ya No Lloran Diamond Edition Lp Vinilo ,229900.0,COP,D_871842-MCO75407728337_032024-I
Martillo De Soporte Oficial Y Genuino Martillo Blackpink V2,203692.0,COP,D_814033-CBT71994001225_092023-I
Cd: High Times: Singles 1992-2006,110638.0,COP,D_852472-CBT52936698341_122022-I
Lp Lavandería Real,139900.0,COP,D_988577-MCO69427334075_052023-I
Pink Floyd - Music From The Film,140000.0,COP,D_685851-MCO75081553413_032024-I
Cd Folklore Between The Trees Edition De Taylor Swift,107000.0,COP,D_871080-MCO74155669124_012024-I
100 Bolsas Caratula Discos Vinilos Lonplay Lp Polipropileno ,31350.0,COP,D_653103-MCO51867440155_102022-I
Natalia Lafourcade - De Todas Las Flores,100000.0,COP,D_814908-MCO69791566423_062023-I
Camilo Sesto - Recupera Tus Clásicos,90000.0,COP,D_987835-MCO42228895558_062020-I
Leon Larregui - Prismarama,90000.0,COP,D_748663-MCO69930815210_062023-I
"Pink Floyd - The Wall - Doble Lp, Vinilo 180grs  Remaster",300000.0,COP,D_801084-MCO27861378611_072018-I
Olivia Rodrigo - Guts - Cd Original Importado ,69000.0,COP,D_956794-MCO72249947817_102023-I
Daft Punk -  Random Access Memories,70000.0,COP,D_739160-MCO44064298943_112020-I
The Weeknd - Starboy,70000.0,COP,D_889835-MCO54930757158_042023-I
Taylor Swift - Reputation,90000.0,COP,D_761122-MCO46557969641_062021-I
One Direction - Up All Night,70000.0,COP,D_927440-MCO72181809551_102023-I
Camila Cabello - Romance,70000.0,COP,D_838042-MCO69654290203_052023-I
Maroon 5 - Songs About Jane,70000.0,COP,D_879558-MCO54781832253_032023-I
One Direction - Midnight Memories ,60000.0,COP,D_984887-MCO46570167735_062021-I
Molotov - Dónde Jugarán Las Niñas,60000.0,COP,D_812738-MCO53619857451_022023-I
Juan Gabriel - Mis 40 En Bellas Artes ,65000.0,COP,D_865005-MCO42663900263_072020-I
Maná - Donde Jugaran Los Niños?,60000.0,COP,D_645101-MCO46606840490_072021-I
Orquesta Dee Jay - Pa Alante,60000.0,COP,D_784766-MCO71935481807_092023-I
Adele - 25,60000.0,COP,D_962230-MCO31308755788_072019-I
Vinilo: After Hours [clear/red Splatter 2 Lp],367950.0,COP,D_896419-CBT73132445744_122023-I
Def Leppard - Hysteria,60000.0,COP,D_716854-MCO72271935124_102023-I
La Cosa Nostra - Sin Compromiso,60000.0,COP,D_720844-MCO53736761527_022023-I
Camila Cabello - Familia,60000.0,COP,D_810361-MCO50335580381_062022-I
La Esquina De Rowland,60000.0,COP,D_607727-MCO50057563091_052022-I
Oasis - Heathenchemistry,60000.0,COP,D_977199-MCO69641786358_052023-I
Portishead - Dummy,60000.0,COP,D_786480-MCO48904924510_012022-I
System Of A Down - Toxicity,60000.0,COP,D_754535-MCO47875022263_102021-I
Bts Love Yourself Answer 2cd+photobook+mini Book+photocard,228290.0,COP,D_914777-MCO28624442388_112018-I
Caifanes - El Silencio,50000.0,COP,D_938550-MCO53712336712_022023-I
Pink Floyd - The Dark Side Of The Moon - Lp Vinilo Nuevo,250000.0,COP,D_808981-MCO41307627175_042020-I
Zoé - Reptilectric,50000.0,COP,D_647931-MCO52926810809_122022-I
Ángel Bonne - Pa´decir Lo Que Siento,50000.0,COP,D_859370-MCO70536409198_072023-I
Ana Gabriel - Por Amor A Ustedes ,50000.0,COP,D_996289-MCO72956041303_112023-I
Ozuna - Enoc / El Negrito De Ojos Claros - Cd,50000.0,COP,D_603587-MCO72813328895_112023-I
Stray Kids Star Rock-star Mini Album Roll Version Kpop,229968.0,COP,D_678190-MCO73104730331_112023-I
Sandro - 50 Canciones De S,40000.0,COP,D_807661-MCO49016684205_022022-I
Luis Ángel - Grandes Éxitos,35000.0,COP,D_831717-MCO73067283357_112023-I
Luis Miguel - 30 Éxitos Insuperables ,35000.0,COP,D_725411-MCO45521191309_042021-I
Guillermo Buitrago - Mega Combo Rockola,35000.0,COP,D_849167-MCO47678192832_092021-I
La Pandilla Navideña - Los Mejores Villancicos,35000.0,COP,D_981565-MCO43266620516_082020-I
Ricardo Arjona - Sin Daños A Terceros ,35000.0,COP,D_623907-MCO69654574295_052023-I
Vinilo: 21,328365.0,COP,D_669735-CBT68959097422_042023-I
Salserin - Entre Tu Y Yo,35000.0,COP,D_869272-MCO45696979977_042021-I
Tabaco Y Sus Metales - Grandes Éxitos,35000.0,COP,D_883391-MCO31257559653_062019-I
Guillermo Portabales - Aquellas Lindas Melodías,35000.0,COP,D_942207-MCO41500649699_042020-I
José Vélez - Serie Platino 20 Éxitos,35000.0,COP,D_663700-MCO31952363443_082019-I
Velocímetro Akt R3 Digital Original,318736.0,COP,D_631223-MCO53450130550_012023-I
Álbum Bts Butter Versión Peaches O Cream Original Importado,190998.0,COP,D_863393-MCO46684981672_072021-I
Vinilo: American Iv: El Hombre Que Viene [2 Lp],287222.0,COP,D_900587-CBT52531878589_112022-I
"Mini Álbum Twice Ready To Be 12th, Aleatorio, Regalo Por Ped",147414.0,COP,D_705372-CBT74660610218_022024-I
Vinilo: Happier Than Ever [2 Lp],253093.0,COP,D_803720-CBT52528883297_112022-I
Martillo Blackpink Lightstick Oficial V2 Kpop Con Bluetooth,163846.0,COP,D_631766-CBT73469276275_122023-I
Vinilo: Morning View,256258.0,COP,D_881246-CBT52529362815_112022-I
Vinilo: Hazte Tú Mismo,256410.0,COP,D_780935-CBT52529414034_112022-I
Vinilo: In Rainbows,251421.0,COP,D_909832-CBT68953067716_042023-I
Vinilo: Black Pumas Deluxe Gold & Red/black Marble,253958.0,COP,D_868253-CBT73804177674_012024-I
Ecos Del Silencio [2 Lp],249915.0,COP,D_999132-CBT70224943115_062023-I
Vinilo: Guns N' Roses - Grandes Éxitos,251181.0,COP,D_651886-CBT73587552453_122023-I
Vinilo: Un Cuervo A La Izquierda Del Asesinato...,249915.0,COP,D_841827-CBT70244962741_062023-I
Vinilo: Evanescence - Fallen (20th Anniv) [deluxe Ed 2 Lp],241712.0,COP,D_836596-CBT73896829586_012024-I
Lp Kraken Ii,139900.0,COP,D_980261-MCO51200877165_082022-I
Vinilo: Talla 2xlc Prensa: World Of Trance (edición Limitada,235767.0,COP,D_996323-CBT68962067935_042023-I
Lp Ekhymosis Unplugged ,139900.0,COP,D_720701-MCO50728471366_072022-I
Vinilo: Crueldad Y La Bestia - Re-mistressed,229992.0,COP,D_840446-CBT52531573319_112022-I
Vinilo: Por Cierto,229918.0,COP,D_717889-CBT68965750261_042023-I
(reserva) Twice: [con You-th] 13th Mini-blast,189803.0,COP,D_614015-CBT75056159086_032024-I
Vinilo: Apetito Por La Destrucción [lp],222584.0,COP,D_973531-CBT52528995826_112022-I
Álbum Stray Kids Rockstar Limited Ver. Con Regalo Por Pedido,143904.0,COP,D_871713-CBT73536898389_122023-I
Lp No Hay Quinto Malo,119900.0,COP,D_920158-MCO52539080484_112022-I
Vinilo: Lo Mejor De (vinilo Transparente De 180 G),211387.0,COP,D_934725-CBT52530924360_112022-I
Vinilo: Corazón De Cristal,210169.0,COP,D_672252-CBT52531875840_112022-I
Vinilo: Live Dates Ii,208647.0,COP,D_606847-CBT52893612285_122022-I
Vinilo: Lo Mejor De (vinilo De 180 G),207113.0,COP,D_831800-CBT68958520022_042023-I
Vinilo: El Nuevo Anormal,202160.0,COP,D_881077-CBT52529035761_112022-I
Soda Stereo - Nada Personal,60000.0,COP,D_902857-MCO41702818482_052020-I
Cd Taylor Swift 1989 Taylor's Version Blue Edition ,96000.0,COP,D_799287-MCO73647428815_122023-I
Vinilo: Sé El Vaquero,199690.0,COP,D_960257-CBT68961767120_042023-I
Cd: Between 1&2[cryptography Ver,227698.0,COP,D_615684-MLU70705509537_072023-I
Vinilo: Lo Mejor De Silvio Rodriguez: Cuba Classics 1,190541.0,COP,D_737030-CBT52534376094_112022-I
Vinilo: Illmatic Xx,192029.0,COP,D_717795-CBT70215648478_062023-I
Vinilo: La Carne Es Un Asesinato,192727.0,COP,D_787059-CBT72840771182_112023-I
Pink Floyd - The Wall,285000.0,COP,D_756126-MCO71831107388_092023-I
Vinilo: Astor Piazzolla: Libertango,185297.0,COP,D_630689-CBT52532704256_112022-I
Lana Del Rey - Ultraviolence - Cd Original Importado,85000.0,COP,D_779371-MCO50135302687_052022-I
Vinilo: Morir Es Tu Última Moda,173489.0,COP,D_891064-CBT52530250093_112022-I
Funko Pop Sally Face - Sal Fisher 876,116995.0,COP,D_650957-CBT70041461153_062023-I
Cd: Andre Rieu En Concierto En Directo,172180.0,COP,D_925788-CBT52936654373_122022-I
Cd: Moving Pictures (40th Anniversary)[deluxe 3 Cd],170445.0,COP,D_940696-CBT52934101229_122022-I
Vinilo: Rosalía - Rr,164124.0,COP,D_866905-CBT73937516022_012024-I
Myrbetric 50mg,149950.0,COP,D_987278-MCO53280196092_012023-I
Vinilo: Michael Jackson - Bad,157764.0,COP,D_763200-CBT73878393079_012024-I
Vinilo: Más Resistente Que El Cuero,160510.0,COP,D_655059-CBT70237640051_062023-I
Lana Del Rey - Nfr! - Cd Nuevo Original,75000.0,COP,D_909940-MCO44358057489_122020-I
"Cd: Girls, Versión Kwangya, Incluye Folleto, Tarjeta De Pers",155880.0,COP,D_902526-CBT53255668681_012023-I
Taylor Swift - Folklore - Cd Nuevo Sellado Importado,75000.0,COP,D_834834-MCO43963308126_102020-I
Nirvana - In Utero - Cd Nuevo Sellado Importado Usa,70000.0,COP,D_653114-MCO40179523951_122019-I
Cd: La Danza De La Muerte (remasterización De 2015),152574.0,COP,D_747093-CBT52988108037_122022-I
Cd: The Devils,152652.0,COP,D_739474-CBT52937015628_122022-I
Cd: En Arcoíris,142818.0,COP,D_793388-CBT52934086605_122022-I
Cd: Te Amé En Tu Oscuridad,149062.0,COP,D_784807-CBT52935414596_122022-I
Rbd Rebelde Cd Original ,54900.0,COP,D_698943-MCO51138516647_082022-I
Kiss - Crazy Nights - Cd Remaster Original Sellado,70000.0,COP,D_999172-MCO52084276134_102022-I
Cdx2 Los Prisioneros Antologia Su Historia Y Sus Exitos,69000.0,COP,D_871960-MCO54720462757_032023-I
Vinilo: Más Allá Del Valle De 1984 [vinilo],143762.0,COP,D_824999-CBT52533336077_112022-I
Utopia Travis Scott Vinilo,179900.0,COP,D_704316-MCO72955831365_112023-I
Cd:ix Equilibrium [reissue],137902.0,COP,D_634260-CBT52987231307_122022-I
Cd:bondage Goat Zombie,142779.0,COP,D_958297-CBT53000982214_122022-I
Cd: Acero Frío... Por Una Edad De Hierro,142779.0,COP,D_729775-CBT52982762125_122022-I
Cd:walpurgis Rites - Hexenwahn,142695.0,COP,D_825169-CBT53000143546_122022-I
Vinilo: Sacerdotisa Del Metal,135294.0,COP,D_842957-CBT52533989175_112022-I
Cd:spider-man: Into The Spider-verse [estuche De Joyas],137902.0,COP,D_912854-CBT52980888176_122022-I
Cd: Hotspot,136891.0,COP,D_985900-CBT52947111123_122022-I
Cd: Seres Vivos,136929.0,COP,D_867109-CBT52935648068_122022-I
Cd: Straight Outta Compton [explicit],131668.0,COP,D_706715-CBT52934199876_122022-I
Cd:tuonela,133024.0,COP,D_915238-CBT53009012177_122022-I
Cd:satanica,130359.0,COP,D_760069-CBT52987603840_122022-I
Rammstein - Zeit,210000.0,COP,D_883369-MCO74991513014_032024-I
"Bts Light Stick Army Bomb, Version 4, K-pop",304367.0,COP,D_720266-CBT53937636700_022023-I
Mp3 Silvio Rodriguez 100 Grandes Exitos...cancion Social,47000.0,COP,D_636306-MCO49784372192_042022-I
Kpop Album Blackpink Born Pink Ver. Gray,170000.0,COP,D_784492-MCO52114565776_102022-I
Michael Jackson Lp Thriller Vinilo Nuevo Importado,169900.0,COP,D_989044-MCO52943136035_122022-I
Kpop Album Blackpink Born Pink Ver. Pink,200000.0,COP,D_835554-MCO52114550976_102022-I
Funko Pop Demon Slayer - Muichiro Tokito Figura 1193,116995.0,COP,D_619258-CBT72631118329_112023-I
Funko Pop Kuromi - Kuromi Con Baku Toy 63,117064.0,COP,D_773330-CBT69467446613_052023-I
Funko Pop Dragonball Z - Super Saiyan 2 Gohan 518,116995.0,COP,D_679701-CBT69190527409_052023-I
Martillo Blackpink Lightstick Oficial V2 Kpop Con Bluetooth,163846.0,COP,D_602015-CBT73378937698_122023-I
Funko Pop Kuromi - Kuromi 55,116995.0,COP,D_604195-CBT69341341441_052023-I
Barra De Luz Martillo Blackpink,116213.0,COP,D_600338-CBT73219893431_122023-I
Cd Iron Maiden Somewhere In Time,59000.0,COP,D_825116-MCO69759148587_062023-I
Funko Pop Harry Potter - Rita Skeeter Art 83,116206.0,COP,D_874173-CBT74443350060_022024-I
Cd Guns N Roses Use Your Ilusion N I..,59000.0,COP,D_800177-MCO50212525551_062022-I
Queen Gratest Hits Vinilo Lp 2 Discos,261900.0,COP,D_865881-MLM42032671578_062020-I
Twice-taste Of Love Mini Album The 10th + Pre-venta,278968.0,COP,D_752490-MLU74141652549_012024-I
Metallica - And Justice For All- Cd 1988,55000.0,COP,D_635195-MLU54983801234_042023-I
Diomedes Diaz - El Cacique De La Junta Coleccion Lujo 33 Cds,779000.0,COP,D_739041-MCO49087749837_022022-I
Pluma De Tinta De Plata Conductor No Toxico Circuit Scribe,78841.0,COP,D_741801-MCO72929566691_112023-I
Twice Ready To Be Jyp Entertainment - Físico - Cd - To - 2023,248667.0,COP,D_633151-MLA70305648325_072023-I
Twice Ready To Be Jyp Entertainment - Físico - Cd - Ready - 2023,249967.0,COP,D_754749-MLA70282529874_072023-I
Álbum Golden Jungkook Bts Versión Substance Kpop Original,288968.0,COP,D_932324-MCO73045743897_112023-I
Cd: Between 1&2[cryptography Ver.],196707.0,COP,D_787123-CBT52934217724_122022-I
"Arctic Monkeys- Whatever People Say I Am, That's What Im Not",55000.0,COP,D_679110-MCO31334938304_072019-I
Citranox 120 Ct,551887.0,COP,D_981273-MCO70048660331_062023-I
"Clgift Congelado Inspirado Orejas De Minnie Mouse, Orejas De",113334.0,COP,D_901551-MCO70047042887_062023-I
The Jimi Hendrix Experience Axis : Bold As Love - 2010,117900.0,COP,D_969065-MLU54988498976_052023-I
Álbum Bts Proof Standard Edition 2022 Original Kpop Póster,469917.0,COP,D_607125-MCO50406540693_062022-I
My Chemical Romance - Three Cheers For Sweet Revenge Cd,98550.0,COP,D_982138-MLU54959250995_042023-I
Cd: El Culto Está Vivo,127207.0,COP,D_880547-CBT52986633587_122022-I
Cd: Total Death,125653.0,COP,D_709727-CBT52986631584_122022-I
Radiohead - A Moon Shaped Pool - Lp,215000.0,COP,D_728112-MCO74994810248_032024-I
Cd: Il Volo,128146.0,COP,D_715274-CBT52936366981_122022-I
Cd: Ravishing Grimness,128146.0,COP,D_609801-CBT52936458730_122022-I
Cd: Patient Number 9,125538.0,COP,D_962559-CBT52934061610_122022-I
Cd Belinda Carpe Diem,49000.0,COP,D_651628-MCO70307212501_072023-I
Cd: Necrodaemon Terrorsathan,122260.0,COP,D_864199-CBT52476814606_112022-I
Ac/dc - Live 1992 Cd Vers. Usa,45000.0,COP,D_717980-MCO72163824753_102023-I
"Audio Cd: Álbum ''graduation'', De Kanye West, 14 Canciones",93518.0,COP,D_778221-CBT73597593872_122023-I
Cd:the Underground Resistance,115199.0,COP,D_847112-CBT52987571154_122022-I
"Queen - Greatest Hits 1, 2 Y 3 The Platinum Collection",195000.0,COP,D_762454-MCO69836471391_062023-I
"Blink-182 - The Mark, Tom, And Travis - Cd Digipack Nuevo",88900.0,COP,D_812414-MCO50125358554_052022-I
Cd: Monumentos Y Melodías,108259.0,COP,D_727058-CBT52479691334_112022-I
Cd: Legalize It,105884.0,COP,D_863102-CBT52943023965_122022-I
Cd: Sour,136891.0,COP,D_751067-CBT52934068941_122022-I
Pantera The Complete Studio Albums 1990-2000 5 Cds,240000.0,COP,D_727977-MLM45309272021_032021-I
Scorpions - Virgin Killer,175000.0,COP,D_842680-MCO75163405647_032024-I
Sebastian Yatra. The Mixtape. Stuff To Dance To. Cd. ,24900.0,COP,D_686471-MCO74256032806_022024-I
Audio Cd: Zara Larsson - Poster Girl,95663.0,COP,D_945892-CBT73974608421_012024-I
Fruko - A La Memoria Del Muerto - Lp Vinilo,155000.0,COP,D_826858-MCO73129541514_122023-I
Melissa - Mercyful Fate,165000.0,COP,D_698451-MCO54228321886_032023-I
Bob Marley & The Wailers - Survival - Lp,165000.0,COP,D_741274-MLA73597096822_122023-I
Kit 2cds Mp3 + Libro Cantemos Al Dios De La Vida Con Estuche,159900.0,COP,D_673385-MCO46364823105_062021-I
Cd: ¿bailamos?,125922.0,COP,D_811046-CBT52987127723_122022-I
Blackpink Lightstick App Bluetooth Concert Official V2 Kpop,310045.0,COP,D_961679-CBT54546787381_032023-I
50 Bolsas Caratula Discos Vinilos Lonplay Lp Polipropileno ,16150.0,COP,D_762293-MCO74862373864_032024-I
Álbum Golden Jungkook Solo Bts Versión Shine Kpop Original,288968.0,COP,D_609584-MCO73045899847_112023-I
Cd: Brand New Eyes,134505.0,COP,D_778131-CBT52474193631_112022-I
Audio Cd: Taylor Swift - Reputation,133960.0,COP,D_624147-CBT73959642056_012024-I
Cromega Plus Diabetrics,78950.0,COP,D_711445-MCO75109106387_032024-I
Twice Between 1&2 Complete Version Kpop Álbum Original,294968.0,COP,D_906484-MCO52112831978_102022-I
Olivia Rodrigo - Guts - Lp,145000.0,COP,D_875867-MCO73618470486_122023-I
The Ampex - The Ampex - Lp,150000.0,COP,D_665811-MCO74507511267_022024-I
"Lightstick Original Oficial De Blackpink, Versión 3, Nuevo 2",357752.0,COP,D_724212-CBT54567055461_032023-I
Johnny Colon Y Orchestra - Boogaloo Blues,140000.0,COP,D_950417-MCO42068785405_062020-I
Daft Punk - The 10th Anniversary Expanded Edition,135000.0,COP,D_873889-MCO72756813950_112023-I
Cd: Blanco Y Negro (2 Cd/libro) (incluye Libro De 217 Página,229573.0,COP,D_974235-CBT71202572317_082023-I
Led Zeppelin - The Complete Bbc Sessions,130000.0,COP,D_678914-MCO41879308705_052020-I
Johnny Colon - Portrait Of Johnny,125000.0,COP,D_883812-MCO69929055480_062023-I
Nirvana - Nevermind,110000.0,COP,D_870684-MCO69641904132_052023-I
"Orq. De Cuchón - Tumbaron La Veintiuna, Brother",125000.0,COP,D_961319-MCO69928452960_062023-I
Arctic Monkeys - Favourite Worst Nightmare Disco Vinilo Lp,335000.0,COP,D_921183-MCO69430387493_052023-I
Rbd - Empezar Desde Cero Fan Edition,110000.0,COP,D_834980-MCO46681923303_072021-I
Lp Vinilo Iron Maiden -  Piece Of Mind - Made In Europa,219900.0,COP,D_667873-MCO51080630980_082022-I
"Cojín De Cinta De Cassette, Regalo Para Geeks Fundas D...",121300.0,COP,D_924863-MCO48074912746_102021-I
Llena Tu Cabeza De Rock - La Colección,95000.0,COP,D_710578-MCO49987959193_052022-I
Willie Colon - El Malo,110000.0,COP,D_647045-MCO51376757187_092022-I
Vinilo: Cigarrillos Después Del Sexo,206616.0,COP,D_828829-CBT70049723807_062023-I
Scorpions - Rock Believer Deluxe Edition - 2 Cd,110000.0,COP,D_654798-MCO72480792201_102023-I
Taylor Swift - Midnights Mahogany Disc,95000.0,COP,D_889515-MCO53619823209_022023-I
"Bunbury - Madrid, Área 51",110000.0,COP,D_912743-MCO47045797468_082021-I
Blackpink Álbum Kill This Love Pink Version Cd + Photobook +,266385.0,COP,D_870126-MCO31837015886_082019-I
Bunbury - Archivos Vol. 2 Duetos,100000.0,COP,D_901144-MCO45772409193_042021-I
"Blackpink Lightstick V2, Aplicación De Conciertos Kpop Origi",304188.0,COP,D_772954-CBT54546705583_032023-I
Dos Veces Lightstick Bluetooth V2 Original Candy Bong Z Conc,262047.0,COP,D_622009-CBT73397446077_122023-I
2 Lp´s Daft Punk - Discovery / Disc´s Made In Eu - Nuevo,329900.0,COP,D_744684-MCO69274379914_052023-I
Gustavo Cerati - Amor Amarillo ,70000.0,COP,D_614365-MCO73076815659_112023-I
Blackpink Lámpara V2 Kpop - Jennie,303312.0,COP,D_987417-CBT69637454790_052023-I
Haemorrhage - Anatomical Inferno  Cd Gore Grind,25000.0,COP,D_765979-MCO26881663907_022018-I
Soda Stereo - Doble Vida ,60000.0,COP,D_884638-MCO41666118821_052020-I
Fobia - Recupera Tus Clásicos,95000.0,COP,D_648755-MCO47754581888_102021-I
Mon Laferte - Vol. 1,90000.0,COP,D_638726-MCO48968201424_012022-I
Caifanes - Lo Esencial De Caifanes ,90000.0,COP,D_850381-MCO42322209305_062020-I
Dua Lipa - Future Nostalgia - The Moonlight Edition,90000.0,COP,D_671874-MCO69639410494_052023-I
Jose Madero - Aurora - Cd,80000.0,COP,D_914552-MCO72552962778_112023-I
Taylor Swift - Red Deluxe Edition ,90000.0,COP,D_613521-MCO47101938430_082021-I
Gorillaz - Cracker Island,90000.0,COP,D_723771-MCO69556224810_052023-I
Olivia Rodrigo - Guts - Cd,80000.0,COP,D_971745-MCO72414062302_102023-I
Rammstein - Volkerball,75000.0,COP,D_723199-MCO70562909417_072023-I
Bunbury - Canciones 1987 - 2017 - 3cd,90000.0,COP,D_682140-MCO73630284214_122023-I
Big Hit Entertainment Bts Bangtan Boys - Álbum Be (edición E,179149.0,COP,D_822623-MCO51079436152_082022-I
 The Doors - The Very Best Of ,80000.0,COP,D_783095-MCO31336895225_072019-I
The Strokes - The New Abnormal,85000.0,COP,D_738267-MCO74856065971_032024-I
Lpx2 Taylor Swift - 1989,299900.0,COP,D_897299-MCO42231693428_062020-I
Rbd - Tour Celestial 2007,80000.0,COP,D_905156-MCO69947621533_062023-I
David Gilmour - Rattle That Lock - Cd + Blueray,85000.0,COP,D_718026-MCO72595913068_112023-I
Twenty One Pilots - Vessel,80000.0,COP,D_772865-MCO46823402969_072021-I
 Bighit Bts - Love Yourself - Answer [random Ver.] 2cd+photo,159244.0,COP,D_801941-MCO51079426887_082022-I
Morat - A Donde Vamos,70000.0,COP,D_841482-MCO72121107376_102023-I
Pet Shop Boys - Discovery (live In Rio) - 2cd/dvd,80000.0,COP,D_994113-MCO75442123586_042024-I
Enjambre - Próximos Prójimos,85000.0,COP,D_849616-MCO71374317147_082023-I
Cd Stone Temple Pilots - Original Album Series 5 Cds,169900.0,COP,D_866847-MCO47606909916_092021-I
U2 - The Joshua Tree,80000.0,COP,D_645409-MCO69657228995_052023-I
Slipknot - Vol. 3 (the Subliminal Verses),80000.0,COP,D_603968-MCO72485815525_102023-I
Mago De Oz - Bandera Negra,75000.0,COP,D_762427-MCO48068003523_102021-I
Fobia Pastel,80000.0,COP,D_760257-MCO46181633855_052021-I
Demi Lovato - Deluxe,80000.0,COP,D_757232-MCO52400173013_112022-I
Kiss - Asylum - Cd,80000.0,COP,D_613377-MCO72338565291_102023-I
Ariana Grande - K Bye For Now (swt Live),70000.0,COP,D_839301-MCO71136513638_082023-I
Blackpink Born Pink Álbum Original Versión Box Set Kpop,279968.0,COP,D_757928-MCO52112563617_102022-I
The Dark Side Of The Moon 50th Anniversary Lp Vinilo ,285000.0,COP,D_893390-MCO73421086816_122023-I
Kpop Twice Mini Álbum Taste Of Love 10th Original Accesorios,278968.0,COP,D_882281-MCO69318327646_052023-I
Soda Stereo - Me Verás Volver Hits & ,70000.0,COP,D_677665-MCO54714461655_032023-I
Sabrina Carpenter - Emails I Can't Send - Cd,70000.0,COP,D_918147-MCO73723678767_122023-I
Antonio Aguilar - Álbum De Oro ,65000.0,COP,D_726039-MCO42256017578_062020-I
Lebron Brothers - Super Hits Vol 2- C D  Nuevo Original,60000.0,COP,D_654785-MCO71978569219_092023-I
Vicente Fernández - Un Azteca En El Azteca ,75000.0,COP,D_767073-MCO41992836505_052020-I
Fin Del Mundo - Las Grandes Canciones Dance ,75000.0,COP,D_635973-MCO41280576758_032020-I
Cadena 428x120l,12198.0,COP,D_656776-MCO53447312176_012023-I
Mägo De Oz - Alicia En El Metalverso - Cd,75000.0,COP,D_959210-MCO74681091525_022024-I
Twenty One Pilots - Trench ,70000.0,COP,D_675812-MCO69243273768_052023-I
Pxndx - Unplugged On Mtv,70000.0,COP,D_935493-MCO47204075499_082021-I
Taylor Swift Folklore 2 Lps Vinilo Importado ,249900.0,COP,D_730845-MCO49308506967_032022-I
Edith Piaf - The Very Best Of,75000.0,COP,D_779120-MCO71120869025_082023-I
Cd Y Dvd Lens Cleaner,69900.0,COP,D_626379-MCO28245468354_092018-I
 Amor Del Bueno - Lo Esencial ,70000.0,COP,D_974913-MCO41830292491_052020-I
Black Sabbath - Past Lives,70000.0,COP,D_968102-MCO71526835519_092023-I
Britney Spears - Glory ,60000.0,COP,D_935005-MCO70561830243_072023-I
Simply The Best 80's Vol. 2 - 2 Cd + Dvd,70000.0,COP,D_860494-MCO73438090923_122023-I
Michael Jackson - Thriller - Cd,60000.0,COP,D_610510-MCO73223374560_122023-I
Álbum Bts Map Of The Soul 7 Mots7 Cd + Photobook + Photocard,224968.0,COP,D_700563-MCO69363391140_052023-I
Cartel De Santa - Me Atizo Macizo Tour - 2 Cd + Dvd,70000.0,COP,D_681182-MCO72667027945_112023-I
Juan Gabriel - Tesoros De Colección Vol. 1 - 3 Cd,70000.0,COP,D_676163-MCO73374271303_122023-I
Epica - The Alchemy Project,70000.0,COP,D_812045-MCO71104471429_082023-I
Sex Pistols - Never Mind The Bollocks - Cd,70000.0,COP,D_717715-MCO73351604758_122023-I
Little Mix - Glory Days Deluxe Edition,70000.0,COP,D_690337-MCO47081442292_082021-I
Zoé - Sonidos De Karmática Resonancia,70000.0,COP,D_992175-MCO46682037980_072021-I
Muse - Simulation Theory,70000.0,COP,D_680286-MCO48905050284_012022-I
Eminem - Encore,60000.0,COP,D_819417-MCO71873911418_092023-I
Elton John - The Very Best Of Elton John - 2 Cd,70000.0,COP,D_957650-MCO72597207860_112023-I
Demi Lovato - Deluxe,70000.0,COP,D_770786-MCO71215033256_082023-I
Ángela Aguilar - Primero Soy Mexicana,70000.0,COP,D_718378-MCO48961579146_012022-I
Pink Floyd - Atom Heart Mother ,55000.0,COP,D_985524-MCO42461704942_072020-I
Ely Guerra - Sweet & Sour Hot Y Spicy,70000.0,COP,D_763590-MCO54956972967_042023-I
Fundas - 78 Rpm,55000.0,COP,D_870733-MCO71254642319_082023-I
Guns N' Roses Use - Your Illusion I  ,60000.0,COP,D_643320-MCO71829831072_092023-I
Journey - Greatest Hits,60000.0,COP,D_894362-MCO53567005259_022023-I
Shakira - Mtv Unplugged,60000.0,COP,D_616386-MCO72017968762_102023-I
Guns N' Roses - Greatest Hits - Lp Doble Sellado Nuevo,269900.0,COP,D_844501-MCO74938091975_032024-I
Bastille - Doom Days,70000.0,COP,D_813705-MCO52943495178_122022-I
Christina Aguilera - Lotus Deluxe,60000.0,COP,D_738948-MCO41363525174_042020-I
The Beatles - Yellow Submarine,60000.0,COP,D_972061-MCO46873618199_072021-I
Soda Stereo - Ruido Blanco,60000.0,COP,D_668214-MCO41857411503_052020-I
Shakira - Grandes Éxitos - Cd,60000.0,COP,D_672389-MCO48874996234_012022-I
Michael Jackson - Number Ones,60000.0,COP,D_968749-MCO47717097677_092021-I
Serafin Cortez Y Su Orq. - Naturalmente Serafin,60000.0,COP,D_601055-MCO42153287331_062020-I
Caifanes - Edición Especial ,60000.0,COP,D_676858-MCO41721467814_052020-I
Lp Vinilo Leo Dan Coleccion Platino 2 Discos Nuevo Sellado ,250000.0,COP,D_890584-MCO43640357085_102020-I
Álbum Noeasy Stray Kids Kpop Version B Original + Póster,246987.0,COP,D_985367-MCO69302941359_052023-I
Juan Gabriel - Tesoros De Colección Vol. 3,60000.0,COP,D_778573-MCO47756125619_102021-I
Cerati / Melero - Colores Santos,60000.0,COP,D_886770-MCO71606784584_092023-I
Katy Perry - Prism,60000.0,COP,D_948351-MCO71215607450_082023-I
Aerosmith - Nine Lives - Lp Vinilo Doble Sellado Importado,265000.0,COP,D_859705-MCO50849681836_072022-I
Bon Jovi - Greatest Hits ,50000.0,COP,D_940322-MCO50533024360_062022-I
Calle 13 -  Residente O Visitante,60000.0,COP,D_630853-MCO54946351074_042023-I
Britney Spears / Britney Jean - Deluxe Edition,60000.0,COP,D_907488-MCO71256078803_082023-I
Shakira -  Servicio De Lavandería ,60000.0,COP,D_660834-MCO41457345117_042020-I
Thalia - Love,60000.0,COP,D_814117-MCO50424169165_062022-I
Carcass - Torn Arteries,60000.0,COP,D_829371-MCO69841633635_062023-I
Mónica Naranjo - Esencial,60000.0,COP,D_777513-MCO45585266470_042021-I
Hector Lavoe - Que Sentimiento,50000.0,COP,D_693823-MCO42457400127_072020-I
Café Tacuba - Tiempo Transcurrido,60000.0,COP,D_919811-MCO42704959912_072020-I
Avalanch - El Ángel Caído,60000.0,COP,D_623226-MCO46665789243_072021-I
Rbd - Tour Generación En Vivo,50000.0,COP,D_855644-MCO45582250268_042021-I
The Doors - Strange Days - Cd,60000.0,COP,D_904805-MCO41776126988_052020-I
"Michael Jackson - History Past, Present And Future Book I ",35000.0,COP,D_638500-MCO69967879541_062023-I
Control Machete - Uno Dos Bandera,60000.0,COP,D_822589-MCO54781717113_032023-I
Garbage,60000.0,COP,D_879816-MCO73302675896_122023-I
Bushido,60000.0,COP,D_674201-MCO52449284763_112022-I
Hector Lavoe - Comedia,50000.0,COP,D_830716-MCO45798952668_052021-I
Luis Miguel - Amarte Es Un Placer ,60000.0,COP,D_876032-MCO72996435476_112023-I
Babasonicos - Mucho - Cd,60000.0,COP,D_621450-MCO73629860918_122023-I
Faithless - All Blessed,60000.0,COP,D_969391-MCO54940494450_042023-I
90´s Baby - 3cd     ,60000.0,COP,D_751110-MCO73801958289_012024-I
Ac/dc - Pwr Up - Cd,60000.0,COP,D_869050-MCO73280463839_122023-I
Ricardo Arjona - Independiente - Cd,60000.0,COP,D_838180-MCO52931563410_122022-I
Avicii By Avicci - True,60000.0,COP,D_704865-MCO53040929544_122022-I
Slash 13 All Star Collaborations - Cd,60000.0,COP,D_762202-MCO72387803019_102023-I
Imagine Dragons - Night Visions Live,60000.0,COP,D_752523-MCO46708041366_072021-I
Queen - Greatest Hits ,60000.0,COP,D_962449-MCO72363217986_102023-I
Leo Dan - Celebrando A Una Leyenda Segunda Parte,60000.0,COP,D_968647-MCO47717866224_092021-I
Zoe - Aztlan - Cd ,60000.0,COP,D_848796-MCO42860278831_072020-I
The Righteous Brothers - Gold ,60000.0,COP,D_848866-MCO41472678354_042020-I
Bersuit Vergarabat - De La Cabeza Con,60000.0,COP,D_914466-MCO54956751479_042023-I
Resorte - República De Ciegos,60000.0,COP,D_667500-MCO52373155886_112022-I
Nine Inch Nails - Add Violence,60000.0,COP,D_935498-MCO71391635942_082023-I
Maroon 5 - Singles,60000.0,COP,D_668346-MCO69656652337_052023-I
Ed Sheeran - Wembley Edition,60000.0,COP,D_605011-MCO45522189993_042021-I
Guns N' Roses - Use Your Illusion Il,50000.0,COP,D_685863-MCO72301469096_102023-I
Miguel Mateos - Lo Mejor. Rock En Español,55000.0,COP,D_817565-MCO31592064043_072019-I
Son De Cuba Orquesta Internacional - Asunto Social,50000.0,COP,D_865604-MCO71874942206_092023-I
Shakira Donde Estan Los Ladrones? Lp Vinilo Exclusivo Walmar,239900.0,COP,D_778545-MCO74574225536_022024-I
Pandora - Navidad Con ,60000.0,COP,D_923487-MCO42661535067_072020-I
Rammstein - Herzeleid ,50000.0,COP,D_652686-MCO42462296555_072020-I
Los Corraleros De Majagual - El Baile Del Siglo,55000.0,COP,D_748699-MCO52239031432_112022-I
Shakira - Dónde Están Los Ladrones,50000.0,COP,D_937074-MCO69775128726_062023-I
Monsieur Perine - Caja De Música,55000.0,COP,D_806824-MCO42862025112_072020-I
Metallica - And Justice For All ,55000.0,COP,D_892482-MCO70562619475_072023-I
The Cure - Staring At The Sea - The Singles,50000.0,COP,D_955761-MCO41700173592_052020-I
Big Boy -  Mis Ojos Lloran Por Ti,50000.0,COP,D_816354-MCO47217466379_082021-I
Pink Floyd - The Endless River ,55000.0,COP,D_962130-MCO73259047634_122023-I
Rata Blanca - Grandes Canciones,50000.0,COP,D_827530-MCO50684017765_072022-I
Joan Sebastián - Celebrándole El 13,50000.0,COP,D_867485-MCO69555663236_052023-I
Jazz - Simply The Best,50000.0,COP,D_983575-MCO47045692317_082021-I
Orquesta La Dominante - Quien,50000.0,COP,D_850029-MCO54366318478_032023-I
Orquesta Concepto Latino - De Cara Al Pueblo,50000.0,COP,D_714367-MCO69904096913_062023-I
Illapu - Antologia 1972-1982 - Cd,50000.0,COP,D_616732-MCO72298350880_102023-I
Therion - Leviathan 2,50000.0,COP,D_764174-MCO69928906836_062023-I
Orquesta Narvaez - Reincarnation,45000.0,COP,D_939027-MCO69654054377_052023-I
Fito Páez - Lo Duro,50000.0,COP,D_997026-MCO48893881657_012022-I
Lisandro Meza - Historia Musical - Cd,45000.0,COP,D_971933-MCO72717414132_112023-I
The Strokes - Angles,50000.0,COP,D_880232-MCO48073611222_102021-I
Los Betos - Mis Elegidos / 45 Hits - 3 Cd,50000.0,COP,D_793691-MCO72440580280_102023-I
Rubén Blades Y Seis Del Solar - Agua De Luna,50000.0,COP,D_601823-MCO69791810609_062023-I
Andrés Cepeda - Mil Cuidades,50000.0,COP,D_810748-MCO72847783422_112023-I
Pablo Ruiz - Un Ángel,50000.0,COP,D_733223-MCO71925177206_092023-I
Super Combo Bellamar - Guaguanco Internacional,50000.0,COP,D_807525-MCO72081275373_102023-I
"Henry Fiol - Fe, Esperanza Y Caridad ",50000.0,COP,D_873801-MCO69657151319_052023-I
Shakira - Sale El Sol,45000.0,COP,D_879842-MCO46554918229_062021-I
Stravaganzza - Primer Acto,50000.0,COP,D_773268-MCO54907124963_042023-I
Emmanuel - Navidad - Cd,50000.0,COP,D_607140-MCO72919202196_112023-I
Beck Colors,50000.0,COP,D_795101-MCO50013079232_052022-I
Leonardo Favio - Antología Musical - 2 Cd,45000.0,COP,D_764972-MCO72997292646_112023-I
Lady Gaga - Chromatica,50000.0,COP,D_725056-MCO51562003895_092022-I
Pacho Galán - Historia Musical,50000.0,COP,D_728752-MCO48055607331_102021-I
Carlos Rivera - El Hubiera No Existe,50000.0,COP,D_933065-MCO72956555051_112023-I
Stray Kids 5 Star Álbum Version B Standard Original Kpop,207916.0,COP,D_604455-MCO73764963975_012024-I
Eliades Ochoa - Mejor De Cuba ,50000.0,COP,D_954766-MCO41246286665_032020-I
 Los Nemus Del Pacífico - Historia Musical,50000.0,COP,D_749685-MCO31256891343_062019-I
Chayanne - A Solas Con Chayanne - Cd + Dvd,50000.0,COP,D_864359-MCO72957308289_112023-I
Más Pandora Que Nunca,50000.0,COP,D_904792-MCO47092161447_082021-I
Hombres G - Esquina Rowland - Lp + Cd + Postal Autografiada,239900.0,COP,D_797788-MCO69846561632_062023-I
Stray Kids Maxident Standard Heart Version Kpop Original,236968.0,COP,D_620102-MCO69807758212_062023-I
Eddie Santiago - De Verdad 15 Super Éxitos,40000.0,COP,D_723123-MCO53731365946_022023-I
Jhonny Ventura - La Coquetona,45000.0,COP,D_935895-MCO54435492773_032023-I
Fuego '77,45000.0,COP,D_860128-MCO45841888511_052021-I
Los Amigos Invisibles - Not So Comercial,45000.0,COP,D_729941-MCO54956843489_042023-I
Ana Gabriel - Joyas De Dos Siglos,45000.0,COP,D_882464-MCO72923875067_112023-I
José Luis Rodríguez - Grandes Éxitos ,40000.0,COP,D_969709-MCO72964056826_112023-I
The Beatles - Revolver - Lp Vinilo Nuevo Remaster Sellado,235000.0,COP,D_618312-MLA52390788660_112022-I
Coda - La Historia ,45000.0,COP,D_601420-MCO42846425918_072020-I
The Rolling Stones - Jump Back - Cd,45000.0,COP,D_980542-MCO72430824211_102023-I
Green Day - Father Of All ,45000.0,COP,D_685352-MCO41582838154_042020-I
J. J. Oliveros El Jilguero Y Su All Stars - De Bala,45000.0,COP,D_651761-MCO69760356901_062023-I
Binomio De Oro Vol. 4 - 3 Cd,40000.0,COP,D_758837-MCO72420257562_102023-I
Melaza - Tu Le Dices,45000.0,COP,D_689649-MCO69643052022_052023-I
Adolescent's Orquesta - Persona Ideal,40000.0,COP,D_710615-MCO42684947330_072020-I
Conmoción Orquesta - La Cara Del Gato ,45000.0,COP,D_707584-MCO41919895234_052020-I
Bts Wings  (vol.2) 2nd Album Random Cd + Photobook + Photo,233049.0,COP,D_731887-MCO69372574265_052023-I
Monica Naranjo - Palabra De Mujer - Cd,40000.0,COP,D_892239-MCO73023247630_112023-I
Stray Kids Star Rock-star Mini Album Rock Version Kpop,227918.0,COP,D_886508-MCO73025971756_112023-I
Álbum Golden Jungkook Solo Bts Versión Solid Kpop Original,288968.0,COP,D_982173-MCO72965655426_112023-I
Marc Anthony - Greatest Hits,35000.0,COP,D_853799-MCO69639678502_052023-I
Orquesta Guayacán - Super Natural - Cd,40000.0,COP,D_695220-MCO72182225122_102023-I
Pachapo Y Su Comparsa - El Super Tumbao ,35000.0,COP,D_930939-MCO71262036488_082023-I
Hansel - Salsa,40000.0,COP,D_872684-MCO41381927073_042020-I
Michael Jackson - Blood On The Dance Floor,35000.0,COP,D_622059-MCO69654837191_052023-I
Rodolfo Aicardi - La Voz Que Se Nos Fue,35000.0,COP,D_764871-MCO47339618974_092021-I
Leo Dan - Los Elegidos - Cd,40000.0,COP,D_679436-MCO73076869013_112023-I
Justin Bieber - My World,40000.0,COP,D_685897-MCO45866024089_052021-I
Donna Summer - Live & More Encore,40000.0,COP,D_978477-MCO51493501358_092022-I
Dyango - Sus Mejores Canciones ,35000.0,COP,D_651057-MCO42660724245_072020-I
El Gitano Groseron Y Otros Éxitos De Parranda ,40000.0,COP,D_934632-MCO71951917912_092023-I
Metallica And Justice For All 2 Vinyl 180g Remastered,220000.0,COP,D_999074-MCO53707098716_022023-I
Álbum Rose Blackpink R Solo Kpop Original Photobook Polaroid,219968.0,COP,D_862089-MCO70462695422_072023-I
Vicente Fernández - Colección,30000.0,COP,D_950689-MCO49960533414_052022-I
Joe Arroyo - El Baile Del Siglo,35000.0,COP,D_734000-MCO69641718390_052023-I
Rey Roig Y Su Orquesta - The Best Of,35000.0,COP,D_821739-MCO42151553200_062020-I
Maria Luisa Landín - Serie Del Recuerdo,35000.0,COP,D_637182-MCO50683174661_072022-I
El Tropicombo - Raíces Y Evolución - Cd,35000.0,COP,D_905888-MCO73130231690_122023-I
Orestes Vilato Y Los Kimbos - Grandes Éxitos ,35000.0,COP,D_752559-MCO72035537638_102023-I
Orquesta Revolución 70 - Llegó La Revolución,35000.0,COP,D_644481-MCO48310029967_112021-I
Felipe Pirela - Greatest Hits  ,30000.0,COP,D_798780-MCO72079302371_102023-I
Ingrid Rosario - Canta Al Señor ,35000.0,COP,D_660018-MCO43301904254_082020-I
Gildardo Montoya - 15 Éxitos Originales,35000.0,COP,D_634522-MCO53730783690_022023-I
Pedro Fernández - Deseos Y Delirios,35000.0,COP,D_757038-MCO47151597863_082021-I
Twice Between 1&2 [complete Ver.] Kpop Original ,199900.0,COP,D_625717-MCO51855988182_102022-I
Yuri Buenaventura - Manigua ,35000.0,COP,D_774673-MCO41992878433_052020-I
Romeo Santos - Historia De Éxitos ,35000.0,COP,D_805006-MCO44032662955_112020-I
Ángel Viloria - Merengues Vol. 1,35000.0,COP,D_963554-MCO47204820084_082021-I
Lucho Bermúdez Y Edmundo Arias - De Frente - Cd,35000.0,COP,D_950641-MCO72718278864_112023-I
Marco Barrientos - Más De Ti En Vivo ,35000.0,COP,D_777748-MCO42663050968_072020-I
El Combo De Las Estrellas - Grandes Éxitos,35000.0,COP,D_654730-MCO72675169182_112023-I
Ricardo Arjona - Poquita Ropa ,35000.0,COP,D_788901-MCO69641873418_052023-I
Pupi Legarreta - Los Éxitos,35000.0,COP,D_749983-MCO51743749697_092022-I
Heroes Del Silencio Avalancha Lp Nuevo Sellado 2020,219900.0,COP,D_859750-MCO44623119926_012021-I
Alquimia - La Sonora Del Xxl - Leyenda - Cd,35000.0,COP,D_625843-MCO72744290531_112023-I
Los Golden Boys - Una Leyenda - Cd,35000.0,COP,D_678376-MCO72309436721_102023-I
Miguel Bosé - Velvetina,35000.0,COP,D_670999-MCO52597684178_112022-I
Megadeth Lp Rust In Peace Vinilo Importado ,213900.0,COP,D_845962-MCO73498559656_122023-I
Bloque 53 - Te Hace Mover Los Pies,35000.0,COP,D_652325-MCO72008059815_092023-I
Cd: Nacido En Los Ee. Uu.,114099.0,COP,D_627470-CBT70029531470_062023-I
Exodus Lp,217900.0,COP,D_945057-MCO42354415366_062020-I
Ana Gabriel - Personalidades 20 Éxitos - Cd,30000.0,COP,D_649643-MCO72844378950_112023-I
Juan Carlos Mazo - Música Andina Colombiana,30000.0,COP,D_882958-MCO42081590378_062020-I
Alberto Castillo - Luna De Arrabal,30000.0,COP,D_968370-MCO46927624088_072021-I
Il Divo - Cd,30000.0,COP,D_953972-MCO72671427089_112023-I
Mario Kaona - Jazz Montuno ,25000.0,COP,D_976536-MCO45171848357_032021-I
Tito Nieves - Gigantes De La Salsa,25000.0,COP,D_631237-MCO45770492195_042021-I
Bovea Y Sus Vallenatos - Grandes Hits - Cd,25000.0,COP,D_862332-MCO72441114956_102023-I
Gigliola Cinquetti -  Los Años De Oro,25000.0,COP,D_967920-MCO42684690844_072020-I
El Gran Baile Cachaco - Para Todas Las Fiestas Vol. 3 - Cd,25000.0,COP,D_623021-MCO72756252348_112023-I
Daniel Santos - Los Éxitos ,25000.0,COP,D_684810-MCO41491693805_042020-I
Rómulo Caicedo - 14 Éxitos Bailables,22681.0,COP,D_685295-MCO42049299729_062020-I
Tangos Para El Mundo - Vol. 2- Cd,25000.0,COP,D_706590-MCO72245689719_102023-I
Bríñez El Bohemio - Vamos Jugando Iguales,25000.0,COP,D_682028-MCO45813964958_052021-I
Gabriel Arriaga - Enséñame A Olvidar,25000.0,COP,D_720782-MCO47290698295_082021-I
Los Renegados - Superexitos,25000.0,COP,D_994196-MCO47150717668_082021-I
Las Pachangas - Super Buenas,25000.0,COP,D_671942-MCO72123950063_102023-I
Sabú - 16 Grandes Éxitos ,20000.0,COP,D_661097-MCO31887697305_082019-I
Texto Moa Tomorrow X Juntos - Lightstick Oficial,184981.0,COP,D_970823-CBT71230462196_082023-I
El Gran Baile Cachaco - Para Todas Las Fiestas Vol. 1 - Cd,20000.0,COP,D_859228-MCO72831346251_112023-I
Álbum Bts Jin The Astronaut Versión 2 Original Kpop,179968.0,COP,D_703626-MCO53951402110_022023-I
The Beatles - Now And Then - Vinilo Maxisingle Sellado Nuevo,199900.0,COP,D_877266-MCO74177692577_012024-I
Cd Black Sabbath - Paranoid - Made In Usa,89900.0,COP,D_903106-MCO48531945821_122021-I
Metallica Master Of Puppets Remastered 1 Lp,178000.0,COP,D_606821-MCO71251495363_082023-I
Cd Adele - Adele 30 Edición Especial + Bonus Tracks ,90900.0,COP,D_679635-MCO50025698066_052022-I
Lucrecia Dalt  ¡ay! (1lp Plateado) Edición Limitada,195000.0,COP,D_681538-MCO72872594232_112023-I
Álbum (g) I-dle I Feel (6ª Versión En Miniatura),185930.0,COP,D_813542-CBT69751532978_062023-I
Martillo Blackpink Lightstick Oficial V2 Kpop Con Bluetooth,181912.0,COP,D_934942-CBT73373711362_122023-I
Pink Floyd Lp Dark Side Of The Moon Vinilo  U.s.a Afiche,266434.0,COP,D_837202-MCO44211953554_112020-I
Protectores De Vinilos/lp - Mofi Original Master Sleeves X50,189900.0,COP,D_885903-MLA73453543346_122023-I
Lp Ray Barretto - Latino ,190000.0,COP,D_733210-MCO50176001753_062022-I
Lp Vinilo José Luis Perales Colección De Platino Nuevo 1990,180000.0,COP,D_626276-MCO51712890281_092022-I
Adele 30 Disco Vinilo Lp ,175000.0,COP,D_621595-MCO72822860655_112023-I
Vinilo Mp3 The Doors (180 Gram),185900.0,COP,D_954532-MCO42139072155_062020-I
Lp Ralph Robles  Taking Over,170000.0,COP,D_679309-MCO49887504546_052022-I
Txt - [el Nombre Del Capítulo: Freefall] Versión Aleatoria,155935.0,COP,D_953473-CBT73536818005_122023-I
Orquesta Dicupe - Orchestra Dicupe ,170000.0,COP,D_990314-MCO51689088460_092022-I
Nelson Y Sus Estrellas - Historia ,170000.0,COP,D_981929-MCO48767006219_012022-I
Cd Slipknot - Iowa  Nuevo  Importado Made In Usa,94900.0,COP,D_744492-MCO47483978226_092021-I
Vinilo - Vivaldi: Cuatro Estaciones,156900.0,COP,D_963671-MCO43192633498_082020-I
Vinilo Lp Acetato Rikarena Sin Midir Diatancia 1997 ,50000.0,COP,D_858365-MCO27129965523_042018-I
Blackpink Lightstick - Martillo Bong,133752.0,COP,D_762254-CBT72911016913_112023-I
Vilma Palma E Vampiros - 3980 - Lp Nuevo Vinilo Color Rojo,140000.0,COP,D_971834-MCO54979159740_042023-I
Funko Pop El Último De Nosotros - Ellie 601,117064.0,COP,D_725264-CBT73121156880_122023-I
Chino Rodríguez - Maestro De Kung Fu,250000.0,COP,D_814488-MCO72693276005_112023-I
Bolsas Funda Exterior Para Discos 12 Pulgadas Vinilos,140000.0,COP,D_602276-MCO75378788834_042024-I
Lp Tapando El Hueco,119900.0,COP,D_911149-MCO53550434048_012023-I
Ecos: Lo Mejor De Pink Floyd.,136000.0,COP,D_783496-MCO70541419576_072023-I
Itzy - Born To Be Standar,130000.0,COP,D_774458-MCO74835063837_022024-I
Lp La Universidad Del Vallenaro - Binomio De Oro De America ,119900.0,COP,D_627071-MCO49764100267_042022-I
Álbum Nmixx - [fe3o4: Break] 2nd Epred,130625.0,COP,D_769700-CBT74610551540_022024-I
Stray Kids- Maxident (regalo De Pedido Anticipado),116381.0,COP,D_771308-CBT74950770822_032024-I
Nirvana - Nevermind 30th Anniversary - X2cds Nuevo Importado,120000.0,COP,D_964003-MCO49404241620_032022-I
Guns And Roses - Use Your Illusion Ii - Deluxe Edition 2 Cds,120000.0,COP,D_958780-MCO53016802179_122022-I
Palanca De Luz Blackpink Hammer,127430.0,COP,D_912609-CBT70433967740_072023-I
Funko Pop Rock Michael Jackson - Billie Jean 22,119614.0,COP,D_874448-CBT53558718485_022023-I
Álbum Jimin - [face] Versión Aleatoria,162676.0,COP,D_828529-CBT73575964301_122023-I
Cd 1989 Taylor's Version De Taylor Swift,112000.0,COP,D_725805-MCO72969237663_112023-I
"Ive - [i've Mine] 1er Ep Del Álbum, Versión Aleatoria",120895.0,COP,D_877138-CBT73575347823_122023-I
Figura De Acción Funko Pop Watchmen De Rorschach 24,114787.0,COP,D_916566-CBT70904240827_082023-I
Funko Pop Animation: Dragonball Z - Super Saiyan Broly 402,116995.0,COP,D_642452-CBT70576803893_072023-I
Lp Los Jimaguas - Igualitos Y Con Sabor ,220000.0,COP,D_641911-MCO73688558724_012024-I
Funko Pop Wwe: El Undertaker 08,116995.0,COP,D_633978-CBT69630221384_052023-I
Funko Pop El Resplandor - Jack Torrance Frozen 456,117064.0,COP,D_734675-CBT74704300026_022024-I
Funko Pop Star Wars - Queen Amidala 29,116995.0,COP,D_708738-CBT71822154935_092023-I
Luis Miguel El Concierto En Vivo 2 Cd´s ( Nuevo Y Sellado ),110000.0,COP,D_638986-MCO51796652213_102022-I
Tool -  10.000 Days -  Cd Nuevo Importado Usa,110000.0,COP,D_723019-MCO45769783898_042021-I
Capítulo De Txt-the Name: Freefall Gravity Version Random,110296.0,COP,D_627991-CBT73536814455_122023-I
Relajación Con El Sonido De La Naturaleza 4 Cd Set,108900.0,COP,D_809632-MCO43663273786_102020-I
Subrayador,16300.0,COP,D_992476-MCO72185733906_102023-I
Pink Floyd  -  The Wall - X2cds Digipack Nuevos Importado Uk,108000.0,COP,D_694454-MCO28653561507_112018-I
Funko Pop 100 - Leónidas Enmascarado 1473,114099.0,COP,D_886084-CBT75605489669_042024-I
Cdx2 Rolling Stones Hackney Diamonds Nuevoimportado Alemania,110000.0,COP,D_933505-MCO75290225125_032024-I
Taylor Swift Midnights (mahogany Edition)  - Cd Importado ,96900.0,COP,D_827908-MCO52389294351_112022-I
Conjunto De 2 Tocados Y Brazaletes De Diadema De Plumas Hipp,104406.0,COP,D_916812-MCO47876996965_102021-I
Paramore - All We Know Is Falling / Cd Original / Nuevo,89900.0,COP,D_987410-MCO72958922400_112023-I
Cd Taylor Swift Folklore,90000.0,COP,D_814115-MCO43881313200_102020-I
Mago De Oz - 30 Años 30 Canciones - X 2 Cds Nuevo Original,90000.0,COP,D_841654-MCO54888038730_042023-I
Cassette The Offspring America,90000.0,COP,D_902376-MCO54230012608_032023-I
Cdx2 Greatest Hits Bon Jovi The Ultimate Collection-rock,95000.0,COP,D_630475-MCO52236255998_112022-I
Metallica - 72 Seasons - Cd Original Edc Europea Nuevo,93900.0,COP,D_842520-MCO71102778923_082023-I
Cd Shakira Oral Fixation Vol. 2 ( Nuevo Y Sellado ),89900.0,COP,D_910156-MCO44769904574_022021-I
Hector Rivera - Lo Máximo ,200000.0,COP,D_702007-MCO46025000422_052021-I
Michael Jackson - Thriller - Cd Importado Original,75900.0,COP,D_974939-MCO52702430276_122022-I
Blink-182 -take Off Your Pants... Cd Nuevo Original,69900.0,COP,D_970643-MCO50972912977_082022-I
Twenty One Pilots - Blurryface (cd Original - Nuevo),75905.0,COP,D_784503-MCO46090804295_052021-I
Tool - Undertow - Cd Nuevo Original Importado,87900.0,COP,D_748085-MCO47500477353_092021-I
Simple Plan - Get Your Heart On! / Cd Original / Nuevo,79900.0,COP,D_873979-MCO74778964623_022024-I
Limp Bizkit - Chocolate Starfish And... - Cd Original  N,65000.0,COP,D_933842-MCO45280688568_032021-I
Génesis - Absolutamente Normal - Lp Vinilo Nuevo Rock Colomb,70000.0,COP,D_888661-MCO45538835126_042021-I
Bunbury - 40 Éxitos - X2 Cds Nuevo Sellado,70000.0,COP,D_886508-MCO30115426799_042019-I
Cd Luis Miguel 87 Soy Como Quiero Ser ( Nuevo Y Sellado ),79900.0,COP,D_793467-MCO32682947041_102019-I
Megadeth - Peace Sells  - Cd Nuevo Importado,75000.0,COP,D_871684-MCO31977970200_082019-I
Britney Spears - Femme Fatale / Cd Original / Nuevo ,69900.0,COP,D_959126-MCO52582234657_112022-I
Accept - Balls To The Wall Remaster - Cd Original Nuevo,75000.0,COP,D_714243-MCO45769908598_042021-I
Spinetta - Ya No Mires Atrás - Cd Original Digipack,70000.0,COP,D_770003-MCO71589989114_092023-I
Lp Lebron Brothers - Psychedelic - Reedición ,180000.0,COP,D_996560-MCO46390495037_062021-I
The Strokes - Is This It  - Cd Original Importado,75000.0,COP,D_859735-MCO52702335539_122022-I
The Praise Baby Coll - God Of Wonders Deluxe Edition Cd+dvd ,79900.0,COP,D_716204-MCO72987344890_112023-I
Bunbury - Posible - Cd Nuevo Original + Afiche,75000.0,COP,D_747214-MCO42792381550_072020-I
Blink-182 - Enema Of The State - Cd Nuevo Sellado Importado,69900.0,COP,D_610923-MCO44020268477_112020-I
Slayer - South Of Heaven  - Cd Nuevo Original Sellado,75000.0,COP,D_685560-MCO52009895292_102022-I
Queen - Innuendo - Cd Original Edc Europea,75000.0,COP,D_883108-MCO48644328129_122021-I
Megadeth - Rust In Peace -  Remaster Cd Nuevo Impo,65000.0,COP,D_771568-MCO29022967803_122018-I
Lana Del Rey - Born To Die / Cd Original / Nuevo,71155.0,COP,D_605774-MCO70179663199_062023-I
Ghost -  Prequelle - Cd Nuevo Digipack Import Mex,75000.0,COP,D_646011-MCO27857632163_072018-I
The Cure - Pornography - Cd Nuevo Edc Europea,75000.0,COP,D_606586-MCO43241972119_082020-I
Slayer - Reign In Blood Expanded Edition - Cd Original,75000.0,COP,D_871674-MCO52009727638_102022-I
Caifanes -  La Historia Compilado - X2 Cds Nuevo,75000.0,COP,D_603288-MCO47204356586_082021-I
Lana Del Rey - Born To Die -  Cd Nuevo Edc Standard,70000.0,COP,D_728027-MCO50135090034_052022-I
Reedicion De Willy Melendez Y Su Gran Orquesta ,190000.0,COP,D_943272-MCO54184440847_032023-I
The Weeknd - Dawn Fm - Cd Nuevo Original Importado,62000.0,COP,D_638148-MCO49612180175_042022-I
Arctic Monkeys - Am - Cd Nuevo Jewel Case,65000.0,COP,D_811978-MCO47204676462_082021-I
Alice In Chains - Jar Of Flies - Cd Sellado Importado,65000.0,COP,D_996090-MCO50849649317_072022-I
Cd Iron Maiden Seventh Son Of A Seventh Son,69000.0,COP,D_970192-MCO69759145999_062023-I
Megadeth - Cryptic Writings - Cd Nuevo Edc Remaster Usa,69900.0,COP,D_880797-MCO43178650777_082020-I
Kiss - Unmasked - Cd Nuevo Remaster Edc  Americana,70000.0,COP,D_831136-MCO43242000892_082020-I
Metallica - Master Of Puppets - Cd Cardboard Remastered,70000.0,COP,D_894889-MCO54453216245_032023-I
Sum 41 - Chuck - Cd Nuevo Importado,69900.0,COP,D_979131-MCO31976564339_082019-I
Ghost - Infestissum - Cd Nuevo Importado,70000.0,COP,D_978006-MCO31976619039_082019-I
The Cure - Bloodflowers - Cd Importado De Europa,70000.0,COP,D_926093-MCO50135015604_052022-I
The Offspring - Ixnay On The Hombre - Cd Nuevo Sellado Impor,70000.0,COP,D_635300-MCO44020267601_112020-I
Black Sabbath - Dehumanizer - Cd Nuevo Edc Europea,70000.0,COP,D_963835-MCO42095746403_062020-I
Aerosmith - Get A Grip - Cd Nuevo Original Importado,70000.0,COP,D_633804-MCO44040507978_112020-I
Ariana Grande - Sweetener Cd Nuevo,69900.0,COP,D_620550-MCO28086480613_092018-I
Foo Fighters - One By One - Cd Nuevo Original Importado,70000.0,COP,D_771317-MCO47500420699_092021-I
Kiss - Rock And Roll Over - Cd Nuevo Remastered,70000.0,COP,D_961830-MCO50136683010_052022-I
Rainbow - Down To Earth -  Cd Nuevo Importado Original,70000.0,COP,D_949242-MCO54455110096_032023-I
Cd Iron Maiden,69000.0,COP,D_739384-MCO70063573573_062023-I
The Offspring  - Conspiracy Of One - Cd Original Europeo,65000.0,COP,D_739520-MCO53017499521_122022-I
Cd Queen Greatest Hits ,59000.0,COP,D_958422-MCO42810864806_072020-I
Cd Rbd Nuestro Amor,54000.0,COP,D_965717-MCO45884518943_052021-I
Miley Cyrus - Plastic Hearts - Cd Original Nuevo Sellado,60000.0,COP,D_747225-MCO49030302117_022022-I
Cd Laura Pausini Yo Canto,59000.0,COP,D_825381-MCO50170765277_062022-I
Cd Colores Santos Cerati / Melero,59000.0,COP,D_873344-MCO74409498401_022024-I
Cdx2 Julio Iglesias Grandes Exitos,49000.0,COP,D_880071-MCO49739025319_042022-I
Cd Arctic Monkeys Favorite Worst Night Mare,54000.0,COP,D_795483-MCO54968951543_042023-I
Metallica - Load 1996 Cd Vers. Usa,51000.0,COP,D_776632-MCO71781052722_092023-I
Disco Original Lp Patricia Teheran Y Sus Diosas Del Vallenat,33000.0,COP,D_637935-MCO31035404539_062019-I
Mp3 Diomedes Dias Historia 100 Grandes Exitos,49000.0,COP,D_785225-MCO70305038757_072023-I
"Mp3 Oscar D' Leon El Leon De La Salsa 100 Grandes Exitos,",49000.0,COP,D_646575-MCO49728608089_042022-I
Silvestre Dangond Y Juancho De La Espriella- Ponte A La Moda,42900.0,COP,D_708754-MCO29469657674_022019-I
Cd Juan Luis Guerra 440 20 Grandes Exitos,49000.0,COP,D_674301-MCO52005737891_102022-I
Megadeth - Risk 1999 Cd Vers. Usa,49000.0,COP,D_918041-MCO73447237708_122023-I
U2 - Achtung Baby 1991 Cd Vers. Usa,49000.0,COP,D_721087-MCO52961567492_122022-I
Cd-mp3 Tropical Bailable-billos Caracas Boys-los Melodicos,49000.0,COP,D_882166-MCO69980913161_062023-I
Cd-mp3 El Abc De La Balada Romantica Vol 4,45000.0,COP,D_960099-MCO48736601784_012022-I
Mighty Mighty Bosstones - Lets Face It 1997 Cd Vers. Usa,51000.0,COP,D_915763-MCO74845585635_032024-I
Cd-mp3  Orquesta Tropical-la Billos-los Melodicos-lucho-aria,49000.0,COP,D_629083-MCO69639111067_052023-I
Cdx2  Manolo Otero,49000.0,COP,D_709489-MCO51168825600_082022-I
Cd-mp3 Reminiscencias Popular-jaramillo-agudelo-gaucho-tito,49000.0,COP,D_634377-MCO69961600450_062023-I
Cd Mp3 Willie Colon Discografia 100 Grandes Exitos  Salsa,49000.0,COP,D_668239-MCO48554238639_122021-I
Cd Mp3 Ricardo Arjona  100 Grandes Exitos Pop,49000.0,COP,D_724565-MCO48553342171_122021-I
Cd Mp3 Sonora Ponceña 100  Exitos  Salsa,49000.0,COP,D_996452-MCO48553157734_122021-I
Cd Experience Hendrix The Best Of Jimi Hendrix,49000.0,COP,D_682810-MCO50072061949_052022-I
Cdx2 Julio Iglesias Grandes Exitos,49000.0,COP,D_797468-MCO46495572044_062021-I
Libro+dvd Michael Jackson Live In Bucharest The Dangerous -,45000.0,COP,D_600101-MCO48995033377_022022-I
Tom Petty - Greatest Hits 1993 Cd Vers. Usa,47000.0,COP,D_866332-MCO72575055246_112023-I
Libro+cd Coleccion Michael Jackson El Rey Del Pop Blood On T,45000.0,COP,D_747482-MCO48961990215_012022-I
Cd Luis Miguel Complices,41000.0,COP,D_975143-MCO43766142530_102020-I
Cd Wisdom Sabiduria Eddie Palmieri,45000.0,COP,D_640670-MCO44530149736_012021-I
Cd Celia Cruz Boleros,45000.0,COP,D_809037-MCO71396614083_082023-I
Cd-mp3  Rumba Tropical Bailable Vol 2-guayacan-pastor Lopez-,40000.0,COP,D_921638-MCO50020305163_052022-I
Cd Guayacan Orquesta De Nuevo En La Salsa,39000.0,COP,D_935461-MCO53603727794_022023-I
Nirvana - Nevermind - Cd Nuevo Original,70000.0,COP,D_705179-MLU70076999544_062023-I
Cd-mp3 Ballad Vol 2 Pop Rock 70.s Y 80.s Baladas En Ingles,40000.0,COP,D_765901-MCO48823940290_012022-I
Cd-mp3 Todos Los Exitos De La Fania Vol5  ,40000.0,COP,D_651220-MCO48885931503_012022-I
Cd Sophie Ellis Bextor Shoot The Hip,39000.0,COP,D_923324-MCO44448400339_122020-I
Cd-mp3 Instrumentales De Coleccion Vol 2   100 Exitos Origin,40000.0,COP,D_668837-MCO48874389073_012022-I
Cd-mp3 Instrumentales De Coleccion Vol 1  100 Exitos,40000.0,COP,D_991619-MCO48886096688_012022-I
Musica Rondas Canticuentos,40000.0,COP,D_601097-MCO48885073410_012022-I
Cd Mp3 Helenita Vargas  100  Exitos Popular Y Ranchero,39000.0,COP,D_894462-MCO48554402401_122021-I
Cd-mp3 Mercedes Sosa Todos Los Exitos,39000.0,COP,D_792473-MCO69962894874_062023-I
Cd Juan Luis Guerra 440/coleccion Cristiana..,39000.0,COP,D_915376-MCO50170190659_062022-I
Cd Miguel Gallardo Desnudate,39000.0,COP,D_748817-MCO46419283102_062021-I
Cd Safri Duo Episode Ii,39000.0,COP,D_709613-MCO45842016714_052021-I
Cd Los Hermanos Zuleta Siempre Vallenato,39000.0,COP,D_999742-MCO44211284056_112020-I
Cd Joan Sebastian-mas Alla Del Sol,38000.0,COP,D_640933-MCO51094975402_082022-I
Agathocles - Mince The Bastards Cd Grindcore,35000.0,COP,D_937421-MCO52983102166_122022-I
50 Bolsas Caratula Polipropilen + 50 Bolsa Internas Chillona,25175.0,COP,D_690608-MCO74863089228_032024-I
Cd John Lozano Con Taniyé Orquesta,35000.0,COP,D_749682-MCO45481323843_042021-I
Cdx2 Los Grandes Del Vallenato Album De Oro,35000.0,COP,D_611154-MCO49784421987_042022-I
Disco Lp Oscar Golden - Historia De Un Ídolo,27500.0,COP,D_624533-MCO29425248142_022019-I
Raphael - El Reencuentro,25000.0,COP,D_704490-MCO29422649731_022019-I
Caifanes  -  La Historia,70000.0,COP,D_957750-MCO41664612756_052020-I
Cd Single  3d  Jungkook Feat. Jack Harlow,50000.0,COP,D_635644-MCO71915215267_092023-I
Cnco - Dejá Vu,60000.0,COP,D_941138-MCO72669754465_112023-I
Depeche Mode - The Best Of   ,50000.0,COP,D_789170-MCO74360378124_022024-I
Disco Vinilo Circles Mac Miller,232550.0,COP,D_767853-MCO73431375280_122023-I
Disco: Fine Line Digipack - Harry Styles,75000.0,COP,D_975186-MLU69631590564_052023-I
Vinilo Arctic Monkeys Am Nuevo Sellado,203550.0,COP,D_752688-MLU72853843697_112023-I
Kraken  30 Años La Fortaleza Del Titán (dvd+2 Cd´s),120000.0,COP,D_698661-MCO72184837192_102023-I
Pink Floyd Wish You Were Here Lp 180gm Vinyl Remastered,227900.0,COP,D_871230-MLU69164449980_042023-I
Billie Eilish Dont Smile At Me Cd Eu Musicovinyl,70000.0,COP,D_960199-MLU69038901648_042023-I
Shakira - Oral Fixation Vol. 2,45000.0,COP,D_609670-MCO53009017009_122022-I
Led Zeppelin - Led Zeppelin Iv - 2 Cd Deluxe Edition Versión Del Álbum Estándar,120000.0,COP,D_826661-MLA30731221869_052019-I
Vinilo Lp David Bowie - Blackstar Edición Europea / Nueva,249900.0,COP,D_920873-MLU69137213255_042023-I
Soda Stereo - Caja Negra (7 Vinilos + Libro) - Sony,2777900.0,COP,D_796205-MLU73018487365_112023-I
Compañía Ilimitada Bootleg Discografía Completa,30000.0,COP,D_604291-MCO45699307222_042021-I
Miguel Bosé - Por Vos Muero,39000.0,COP,D_961806-MLU69642014733_052023-I
Vinilo: Nirvana [lp,180000.0,COP,D_944362-MLU70690004442_072023-I
Silvestre Dangond - Gente Valiente,35000.0,COP,D_732848-MLU54983684865_052023-I
One Direction  Cd  Made In The A M,60000.0,COP,D_669615-MLC45150204894_032021-I
Arcade Fire - We (1lp Marron) - Limitado,160000.0,COP,D_806777-MLU74139472649_012024-I
Disco Vinilo Lover Taylor Swift Vinilo Rosa Y Azul,316550.0,COP,D_958087-MCO52660945701_112022-I
Lucia Mendez Tesoros De Coleccion 3 Discos Cd,60000.0,COP,D_663729-MLU54978398412_042023-I
Álbum 5-star Limited + Set Pre-orden ,260000.0,COP,D_720075-MLU69890700120_062023-I
Cd Linkin Park - Minutes To Midnight / Made In Eu - Nuevo,90000.0,COP,D_614535-MLU73783834464_012024-I
Vinilo Blurryface Twenty One Pilots,219550.0,COP,D_963849-MCO73810452703_012024-I
"Disco Vinilo Pink Floyd, Dark Side Of The Moon",211550.0,COP,D_965851-MCO51338026220_082022-I
Cristian Nodal - Forajido,70000.0,COP,D_884904-MLU70826146055_082023-I
Honeymoon - Lana Del Rey - Disco Cd - (14 Canciones,80000.0,COP,D_908661-MLU69216199114_052023-I
Somewhere In Time / Deluxe  - Iron Maiden - Boxset Disco Cd,265000.0,COP,D_628661-MLM31493624340_072019-I
Disco De Vinilo Harry Styles,203550.0,COP,D_885855-MCO31085169356_062019-I
Linkin Park Hybrid Theory 20th Anniversary Edition 4lp,437900.0,COP,D_943407-MLA43825909245_102020-I
Lp - Grupo Niche No Hay Quinto Malo,119900.0,COP,D_657300-MCO44999076069_022021-I
